pair_id,jd_id,gap_source,gap_count,identified_gaps,groundtruth_technical_gaps,gap_match_details,missed_gap_confusions,canonical_skill_count,canonical_skill_ids,canonical_skill_labels,gap_to_canonical_top1,truth_count,truth_courses,pred_top10,pred_top10_titles,overlap_top10,hit@1,hit@3,hit@5,hit@10
0,695cb6e11fa95d1eeecca0b2,groundtruth_dataset,3,Azure; Redshift; BigQuery,Azure; Redshift; BigQuery,<groundtruth_gap_source>,,7,81121f330a983b7f; cc975e69d79a6f6f; b160bc1ca65d65b1; 70f0d3e18d498cc9; 454349e422f05297; 983b5e0fb845ddb8; 595875b1b5164cb6,Cloud computing; Cloud Concepts; Cloud Computing Fundamentals; Google Colab; R; Managing large datasets; Power BI,Azure -> 81121f330a983b7f:Cloud computing (0.8839); Redshift -> cc975e69d79a6f6f:Cloud Concepts (0.8376); BigQuery -> 983b5e0fb845ddb8:Managing large datasets (0.8564),2,CNTT1167; CNTT1186,TKkD1127; CNTT1186; CNTT1167; CNTT1180; KTHT1104; TOTC1108; CNTT1198,Phân tích dữ liệu lớn; Advanced Technologies in Information and Communication Technology; Cloud Computing; Python Programming; Data Analytics for Accounting; The models for analyzing and evaluating the financial assets 1; Cloud Service Security,CNTT1186; CNTT1167,0.0,1.0,1.0,1.0
1,694a8c5247743a24b54ffb04,groundtruth_dataset,3,n8n; AI-Native; AI-Augmented Daily Workflows,n8n; AI-Native; AI-Augmented Daily Workflows,<groundtruth_gap_source>,,7,d199bd441c0c4d67; e37a59b5b57ec6ac; d4b75940e6b27fe2; 50779cd6819806ac; 803b3eb2b6af0271; 2e7fdab48fb3e78f; 1f64157c6b5ff60c,Tools for Organizing Plan Implementation; Support system analysis; Smart System Deployment; Research and develop AI applications; Artificial intelligence; Smart Technologies; Process Role Understanding,n8n -> d199bd441c0c4d67:Tools for Organizing Plan Implementation (0.8561); AI-Native -> 50779cd6819806ac:Research and develop AI applications (0.8691); AI-Augmented Daily Workflows -> 50779cd6819806ac:Research and develop AI applications (0.8650),3,CNTT1140; TIHT1123; CNTT1186,CNTT1186; TIHT1105; CNTT1154; QTCL1111; PTKT1109; TNKT1157; CNTT1140,Advanced Technologies in Information and Communication Technology; Advanced Programming; Internet of Things; Business Process Management; Business Planning; Agribusiness supply chain management; Artificial Intelligence,CNTT1186; CNTT1140,1.0,1.0,1.0,1.0
2,696ee8cab166038a822e471f,groundtruth_dataset,6,"GraphQL; Kubernetes; lock-free programming; log analysis; production issue resolution; cloud services (AWS, GCP)","GraphQL; Kubernetes; lock-free programming; log analysis; production issue resolution; cloud services (AWS, GCP)",<groundtruth_gap_source>,,15,8b6799760a8163c1; cb62eba40b93615e; bee590cd707e7172; cc975e69d79a6f6f; 81121f330a983b7f; a468720e1a5dc0cb; 20eee9e87acff49b; 79ff3383edd2e8dd; c6c42d9e60786246; d9363d607f47f563; c45b8ce2c3b0c625; 586777689f2a77a4; 221a2a27bf9df346; 83adee593f617a36; aac321a9fc903a23,RESTful API Development; Designing applications with MongoDB; JavaScript Programming; Cloud Concepts; Cloud computing; Cloud Service Analysis; Process Communication and Synchronization; Open source programming languages; Programming Techniques; Monitoring and Auditing; User Account Monitoring; Audit Data Analysis; Problem Identification and Resolution; Overall Production Planning; Problem identification,"GraphQL -> 8b6799760a8163c1:RESTful API Development (0.8282); Kubernetes -> cc975e69d79a6f6f:Cloud Concepts (0.8492); lock-free programming -> 20eee9e87acff49b:Process Communication and Synchronization (0.8359); log analysis -> d9363d607f47f563:Monitoring and Auditing (0.8895); production issue resolution -> 221a2a27bf9df346:Problem Identification and Resolution (0.8613); cloud services (AWS, GCP) -> 81121f330a983b7f:Cloud computing (0.9491)",1,CNTT1167,CNTT1167; CNTT1188; CNTT1198; CNTT1107; KTHT1104; TNKT1157; QLXH1105; PTCC1128; MTKT1170; CNTT1199,Cloud Computing; Web Programming; Cloud Service Security; Operating Systems; Data Analytics for Accounting; Agribusiness supply chain management; Public Services Management; Socio-Economic Research Methods; Environmental Physics; Software and Database Security,CNTT1167,1.0,1.0,1.0,1.0
4,695cb6e11fa95d1eeecca0b3,groundtruth_dataset,4,Google Cloud Deployment Manager; Go; encryption; disaster recovery strategies,Google Cloud Deployment Manager; Go; encryption; disaster recovery strategies,<groundtruth_gap_source>,,12,55dcfba3a15e9371; 70f0d3e18d498cc9; 4b8eca6ed9475d18; 454349e422f05297; 79ff3383edd2e8dd; 34107c894ddfd639; 9899f1fec6613468; 6ea013dfbbf35318; f33ab0b6b6be7183; 53a54e806a70f753; 75c12111651f2778; 71815a0c524757ea,Deploying and managing web applications; Google Colab; Service Management; R; Open source programming languages; Search Functionality Programming; AES; RSA Cryptosystem; Cryptography Techniques; Data Backup and Recovery; Database Backup and Recovery; Risk Mitigation Strategies,Google Cloud Deployment Manager -> 55dcfba3a15e9371:Deploying and managing web applications (0.8413); Go -> 454349e422f05297:R (0.8056); encryption -> 9899f1fec6613468:AES (0.9577); disaster recovery strategies -> 53a54e806a70f753:Data Backup and Recovery (0.8917),4,CNTT1198; CNTT1167; CNTT1168; CNTT11105,TIKT1134; CNTT1168; CNTT1197; TIKT1135; CNTT1133; CNTT1180; TOTC1108; CNTT1199; TOCB1107; CNTT11105,Web Applications Development; An toàn và bảo mật thông tin; Cybersecurity; Development of Open Source Software and Applications; Application Programming; Python Programming; The models for analyzing and evaluating the financial assets 1; Software and Database Security; Discrete Mathematics; Cryptography and Information Security,CNTT1168; CNTT11105,0.0,1.0,1.0,1.0
7,6961e074b166038a822e41c9,groundtruth_dataset,4,"Docker; Networking (TCP/IP Routing, Switching); vCenter; Virtualization Systems Management (Full stack)","Docker; Networking (TCP/IP Routing, Switching); vCenter; Virtualization Systems Management (Full stack)",<groundtruth_gap_source>,,10,70f0d3e18d498cc9; 81121f330a983b7f; cc975e69d79a6f6f; cce4887ca5118b95; 82a2c9e39ba6e496; d301208b9177b851; a3d7bb38562108eb; 2e3e746b47bf09af; 419f2ea7a8374ab5; c2c2c13b5e8fb59e,Google Colab; Cloud computing; Cloud Concepts; Fundamental Understanding of Computer Networks; Wide Area Networks (WAN); TCP/IP Protocols; Data Center Virtualization Architecture; Storage Virtualization Mechanisms; Virtualization Concepts; Windows Server Organization and Management,"Docker -> 70f0d3e18d498cc9:Google Colab (0.8576); Networking (TCP/IP Routing, Switching) -> cce4887ca5118b95:Fundamental Understanding of Computer Networks (0.9052); vCenter -> a3d7bb38562108eb:Data Center Virtualization Architecture (0.8804); Virtualization Systems Management (Full stack) -> 2e3e746b47bf09af:Storage Virtualization Mechanisms (0.8826)",2,CNTT1145; CNTT1121,CNTT1145; CNTT1114; CNTT1121; CNTT1186; CNTT1167; CNTT1180,Virtualization Technologies; Computer Network and Data Communication; Network Management; Advanced Technologies in Information and Communication Technology; Cloud Computing; Python Programming,CNTT1145; CNTT1121,1.0,1.0,1.0,1.0
9,697a65cfb166038a822e4d2c,groundtruth_dataset,5,Python; SQL; AWS; SEO; Lean,Python; SQL; AWS; SEO; Lean,<groundtruth_gap_source>,,15,11a4a60b518bf249; c44d9221d54651ad; abf415901e538ca7; 0903a2efa00ef879; 3117f8304b70d114; 79c41baebfebd6a5; 81121f330a983b7f; cc975e69d79a6f6f; b160bc1ca65d65b1; 7175b5240094d556; c280c1a79c57c35b; 9aae78751eb7d681; f874a7f9dbb8cb2e; 8bd7ecf2b4185828; a6fe59fdcf24f101,Python; Python Programming; Python Programming Language; SQL Database Management; SQL Programming; SQL Server; Cloud computing; Cloud Concepts; Cloud Computing Fundamentals; SEO Tools Proficiency; Website and Social Media Management; Query Optimization; Generalizing lessons learned; Continuous Learning; Basic Syntax Programming,Python -> 11a4a60b518bf249:Python (1.0000); SQL -> 0903a2efa00ef879:SQL Database Management (0.9130); AWS -> 81121f330a983b7f:Cloud computing (0.8744); SEO -> 7175b5240094d556:SEO Tools Proficiency (0.9186); Lean -> f874a7f9dbb8cb2e:Generalizing lessons learned (0.8402),6,QTKD1130; CNTT1116; TIKT1124; TIKT1130; CNTT1152; CNTT1180,TIKT1130; CNTT1186; CNTT1187; CNTT1167; CNTT1152; CNTT1133; DLKS1131; CNTT11105; TIKT1132; TIKT1135,Database; Advanced Technologies in Information and Communication Technology; Data Analysis Programming; Cloud Computing; Database Management Systems; Application Programming; E-Tourism Business; Cryptography and Information Security; Online Marketing; Development of Open Source Software and Applications,TIKT1130; CNTT1152,1.0,1.0,1.0,1.0
12,694a8c5247743a24b54ffb03,groundtruth_dataset,3,Docker; containerization; ECS/EKS,Docker; containerization; ECS/EKS,<groundtruth_gap_source>,,7,70f0d3e18d498cc9; 81121f330a983b7f; cc975e69d79a6f6f; 2e3e746b47bf09af; 74223147079737f9; 419f2ea7a8374ab5; a468720e1a5dc0cb,Google Colab; Cloud computing; Cloud Concepts; Storage Virtualization Mechanisms; Resource Management; Virtualization Concepts; Cloud Service Analysis,Docker -> 70f0d3e18d498cc9:Google Colab (0.8576); containerization -> 2e3e746b47bf09af:Storage Virtualization Mechanisms (0.8378); ECS/EKS -> cc975e69d79a6f6f:Cloud Concepts (0.8710),3,CNTT1167; CNTT1198; CNTT1186,CNTT1145; CNTT1167; CNTT1186; QTTH1133; TNKT1155; BHKT1120; BHKT1116; TNKT1140; TNTN1126; CNTT1180,Virtualization Technologies; Cloud Computing; Advanced Technologies in Information and Communication Technology; New Venture Creation; Kinh tế Lâm nghiệp; Social Insurance Management 1; Reinsurance; Economics and Management of Community Development; Natural Resources Management 2; Python Programming,CNTT1167; CNTT1186,0.0,1.0,1.0,1.0
14,6961e0b5b166038a822e41cb,groundtruth_dataset,3,presentation skills; technical analysis and solution design; group work and communication skills,presentation skills; technical analysis and solution design; group work and communication skills,<groundtruth_gap_source>,,9,dc08258145c09363; c65c004a70156d0b; 37d573e079354b91; d4f3369453884786; 0988aeb72312e84c; 61f6a1dc543b0f55; 85d7957063524c2b; 236f5c4072f9eaa8; 7252b929fd95c559,Presentation skills; Presentation and presentation skills; Effective Presentation Skills; Technical Analysis; Information Analysis and Problem Solving; Analyzing and Defining Solutions; Group work skills; Teamwork skills; Teamwork and Group Management Skills,presentation skills -> dc08258145c09363:Presentation skills (0.9810); technical analysis and solution design -> d4f3369453884786:Technical Analysis (0.8979); group work and communication skills -> 85d7957063524c2b:Group work skills (0.9747),1,CNTT1137,LUKD1108; TNTN1132; LUKD1194; LUCS1104; KHMI1112; MTDT1114; LUKD1110; TNTN1111; LUCS1128; QLCN1104,Labor Law; Natural Resources Policy; Law on Land; Constitutional Law; Investment analysis in Financial Markets; Urban and Regional Planning; Law on Commerce 1; English for Natural Resources Economics; Doctrines of State and Law 1; Science and Technology Policy,,0.0,0.0,0.0,0.0
17,6961d9bbb166038a822e41b1,groundtruth_dataset,2,PowerPoint; accounting software (Fast),PowerPoint; accounting software (Fast),<groundtruth_gap_source>,,6,b45dfaa7fc8f1653; 7f0a76ce26d240f3; a6f687c6f5a9e7e0; 5cda33bd7b0feb89; 9de5d59385bb9b04; 83289d8e764059df,Microsoft Excel; Microsoft Project; Excel Software; Specialized Accounting Software for Business; Accounting Software Evaluation; Microsoft Excel for Accounting,PowerPoint -> b45dfaa7fc8f1653:Microsoft Excel (0.8856); accounting software (Fast) -> 5cda33bd7b0feb89:Specialized Accounting Software for Business (0.9145),1,KTHT1104,DTKT1149; TIHT1119; TIKT1117; TOkt1140; TOkt1144,Chuyên đề Tin học quản lý đầu tư; Computer-based Accounting; Accounting Informatics; Input-Output Model; Optimization,,0.0,0.0,0.0,0.0
21,6961e10bb166038a822e41d0,groundtruth_dataset,3,Financial banking operations knowledge; Credit profiling and evaluation; Product advisory,Financial banking operations knowledge; Credit profiling and evaluation; Product advisory,<groundtruth_gap_source>,,8,bed622c72ddf016b; ce22f37fe7c425ca; 6539998286cc9396; 22b38dee90bbb4f3; dd90dcc73f5bca94; 1fc67c3010a7acc2; 835fc1daf02cd83c; cf0be45b56d1d41d,Banking Operations; Banking Operations Analysis; Bank Functions Understanding; Credit Risk Modeling; Risk Evaluation Methods; Activity Evaluation; Policy Recommendation; Product Decisions,Financial banking operations knowledge -> bed622c72ddf016b:Banking Operations (0.9462); Credit profiling and evaluation -> 22b38dee90bbb4f3:Credit Risk Modeling (0.8912); Product advisory -> 835fc1daf02cd83c:Policy Recommendation (0.8811),3,NHTM 1121; NHTM 1111; MKMA1101,QTKD1133; NLKT1118; TOTC1121; KTKE1110; MKMA1112; NHTM 1102; BHKT1163; NNTM 1150,Supply Chain Management; Occupational Health and Safety Management; Quantitative risk management 2; Public Accounting 2; English for Marketing; Commercial Banking 1; Risk Management in Insurance; English for Banking and Finance – in English,,0.0,0.0,0.0,0.0
23,694a8e0847743a24b54ffb0a,groundtruth_dataset,3,Python; C#; Playwright,Python; C#; Playwright,<groundtruth_gap_source>,,9,11a4a60b518bf249; c44d9221d54651ad; abf415901e538ca7; b27794974a29d825; 4b351a323634f057; 2f84c910ea74ba58; ee0902fbd881250a; d5deacdd34788a54; a5858cfd572ec358,Python; Python Programming; Python Programming Language; ADO.NET Programming; Using C# programming language in Visual Studio; Visual Studio; Speech writing; PR writing skills; PR writing process,Python -> 11a4a60b518bf249:Python (1.0000); C# -> b27794974a29d825:ADO.NET Programming (0.8934); Playwright -> ee0902fbd881250a:Speech writing (0.8402),2,CNTT1180; TIHT1113,MKTT1132; CNTT1133; TIHT1113; CNTT11105; TIKT1135; CNTT1177,Writing skills for public relations; Application Programming; Development of Management Applications; Cryptography and Information Security; Development of Open Source Software and Applications; Machine Learning,TIHT1113,0.0,1.0,1.0,1.0
30,694a8e9e47743a24b54ffb0b,groundtruth_dataset,2,AWS; cloud platforms,AWS; cloud platforms,<groundtruth_gap_source>,,4,81121f330a983b7f; cc975e69d79a6f6f; b160bc1ca65d65b1; a468720e1a5dc0cb,Cloud computing; Cloud Concepts; Cloud Computing Fundamentals; Cloud Service Analysis,AWS -> 81121f330a983b7f:Cloud computing (0.8744); cloud platforms -> 81121f330a983b7f:Cloud computing (0.9375),2,CNTT1167; CNTT1198,CNTT1167; CNTT1186; CNTT1198,Cloud Computing; Advanced Technologies in Information and Communication Technology; Cloud Service Security,CNTT1167; CNTT1198,1.0,1.0,1.0,1.0
31,697b1754b166038a822e4d36,groundtruth_dataset,3,Real estate industry experience; Project management; Managing outsourced content providers,Real estate industry experience; Project management; Managing outsourced content providers,<groundtruth_gap_source>,,9,d39dddf64562b7ae; 6fa3de47ed5f9fd7; f372f8863ded265d; 5a7c3011cba026a3; 2d31b2a008606b05; 44276935aa3ffcbc; a537684cc680a4d8; c14001f956a16ae9; 08c004f02b583391,Real Estate Business Overview; Real Estate Brokerage Overview; Effective real estate management operations; Project Management; Project Management for Software Development; Project Management Concepts; Understanding characteristics of media channels; Service Provider System; Global Sourcing,Real estate industry experience -> d39dddf64562b7ae:Real Estate Business Overview (0.9048); Project management -> 5a7c3011cba026a3:Project Management (0.9944); Managing outsourced content providers -> a537684cc680a4d8:Understanding characteristics of media channels (0.8482),3,TNBD1137; TNBD1115; TNBD1116,MKTT1158; KTKE1110; TMKT1145; CNTT1107; CNTT1157; TNTN1138; CNTT1137; TNKT1140; TNKT1150; QTKD1149,Advertising media planning; Public Accounting 2; Business Logistics; Operating Systems; Mobile Applications Development; Environmental Impact Assessment of Natural Resource Projects; Business Analysis; Economics and Management of Community Development; Agribusiness Investment Project; Operations Management 2,,0.0,0.0,0.0,0.0
35,694a8e9e47743a24b54ffb0d,groundtruth_dataset,5,information security governance frameworks; compliance management; periodic review processes; security compliance standards; cloud security principles,information security governance frameworks; compliance management; periodic review processes; security compliance standards; cloud security principles,<groundtruth_gap_source>,,12,08994031d78229cb; d2c60407bbda495f; 3074ef28c4435f88; 8803662d165dcea7; a8c6e3a7760f164b; f1eafe18f66cdd6f; 360b13aa49797a20; 46dc0d772e2436a2; 1b9f2eb0a7babc27; 448e8a55f0c63487; 0bcc7664f42fa9b3; c0656a06590b5361,Information security; Risk Management Framework; Securing Information Systems; Compliance Standards; Compliance with Rules and Regulations; Compliance with Laws and Regulations; Audit Follow-up; System Review; Audit procedure planning; Cloud Security Architecture; Cloud Security Design Patterns; Database Security Principles,information security governance frameworks -> 08994031d78229cb:Information security (0.9084); compliance management -> 8803662d165dcea7:Compliance Standards (0.9105); periodic review processes -> 360b13aa49797a20:Audit Follow-up (0.8684); security compliance standards -> 8803662d165dcea7:Compliance Standards (0.9235); cloud security principles -> 448e8a55f0c63487:Cloud Security Architecture (0.9460),4,CNTT1198; CNTT1168; CNTT1197; CNTT1199,CNTT1198; KTKI 1115; KTKI 1116; TIHT1106; CNTT11102; BHKT1163; TIKT1109; KTKI1109; CNTT1199; CNTT1152,Cloud Service Security; Kiểm toán nội bộ; Financial Audit Practice; English for Management Information System; Vulnerability Assessment and Penetration Testing; Risk Management in Insurance; Basic Informatics; Financial Auditing 2; Software and Database Security; Database Management Systems,CNTT1198; CNTT1199,1.0,1.0,1.0,1.0
37,695cba711fa95d1eeecca0b9,groundtruth_dataset,5,JPA; Flyway; AWS Cognito; AWS SES; Digital Marketing domain,JPA; Flyway; AWS Cognito; AWS SES; Digital Marketing domain,<groundtruth_gap_source>,,14,213b8a04e6059034; 53cc299fdb23d21d; bebe8fe7d553f62f; 4611994bd0ab71de; 0903a2efa00ef879; e687563e03a65281; ad4b0d58e0291133; 0bcc7664f42fa9b3; cc975e69d79a6f6f; 81121f330a983b7f; a468720e1a5dc0cb; d8f8892a74cd1a85; de4e86f56114e5a7; ac388c14c17793f5,EJB Techniques; Transaction Management; Database Querying; MySQL Database Management System; SQL Database Management; Database Integration; Identity Management; Cloud Security Design Patterns; Cloud Concepts; Cloud computing; Cloud Service Analysis; Digital marketing decision-making process; Understanding the nature of digital marketing; Proposing digital marketing strategies,JPA -> 213b8a04e6059034:EJB Techniques (0.8651); Flyway -> 4611994bd0ab71de:MySQL Database Management System (0.8612); AWS Cognito -> ad4b0d58e0291133:Identity Management (0.8636); AWS SES -> 81121f330a983b7f:Cloud computing (0.8603); Digital Marketing domain -> d8f8892a74cd1a85:Digital marketing decision-making process (0.9135),3,CNTT1167; MKBH1116; CNTT1153,MKBH1116; CNTT1198; CNTT1167; CNTT1190; CNTT1152; CNTT1187; TIKT1135; TIKT1124; CNTT1188; CNTT1186,Digital Marketing; Cloud Service Security; Cloud Computing; Service Oriented Software Development; Database Management Systems; Data Analysis Programming; Development of Open Source Software and Applications; Database Application; Web Programming; Advanced Technologies in Information and Communication Technology,MKBH1116; CNTT1167,1.0,1.0,1.0,1.0
38,696f058ab166038a822e4742,groundtruth_dataset,3,Financial Analysis; Managerial Accounting; Budget Management,Financial Analysis; Managerial Accounting; Budget Management,<groundtruth_gap_source>,,9,6a6ebe8510ced07b; 7dab1349ff5de7ba; 2cf83fcbd09ccf46; d1e401743dbc1ef1; c7e5be6f7051b9ff; 9efa04f2864f0dae; 30dfc23a621db88b; 92c6d7dc77845163; ebf2a3d390233a41,Financial Analysis; Financial Analysis Methods; Financial Analysis Fundamentals; Managerial Accounting Concepts; Managerial Accounting Data Analysis; Understanding the nature and role of managerial accounting; Budget system and management; Budget Planning; Financial Resource Management,Financial Analysis -> 6a6ebe8510ced07b:Financial Analysis (1.0000); Managerial Accounting -> d1e401743dbc1ef1:Managerial Accounting Concepts (0.9573); Budget Management -> 30dfc23a621db88b:Budget system and management (0.9537),3,QTKD1130; KTHT1104; KHMA1125,NHTC1103; MTDT1123; KTQT1103; PTKT1108; KTHT1104; NHCO1107; NHTC1108; DTKT 1111; TNKT1150,Quản trị Tài chính trong du lịch và khách sạn; Urban Housing Economics and Management; Managerial Accounting 1; Development Planning 2; Data Analytics for Accounting; Public Finance; Financial Analysis; Investment Project Design and Management; Agribusiness Investment Project,KTHT1104,0.0,0.0,1.0,1.0
39,695cbba01fa95d1eeecca0bb,groundtruth_dataset,7,".Net; data pipelines; generative AI; NLP; computer vision; cloud environments (Azure, AWS, GCP); AI workloads optimization",".Net; data pipelines; generative AI; NLP; computer vision; cloud environments (Azure, AWS, GCP); AI workloads optimization",<groundtruth_gap_source>,,19,82a2c9e39ba6e496; 4b0bff2b60f84764; f6f66ec6f788a289; e687563e03a65281; 466aa590b261ac02; c03ed4b4dc0faa7e; d7a0db78b674962b; 803b3eb2b6af0271; e0d7a3c97f855702; 10be35b30753d337; bbbfae3f1f7e7039; 4c330d312e1c7bda; a96d97811142b63d; 09059e0afcdd1df3; 81121f330a983b7f; cc975e69d79a6f6f; b160bc1ca65d65b1; 50779cd6819806ac; a468720e1a5dc0cb,Wide Area Networks (WAN); Utilization of Networking and Internet Technologies; Familiarity with computer networks and internet technologies; Database Integration; Organizing Data and Document Flows; Data and Document Flow Organization; Text Creation; Artificial intelligence; Information retrieval and synthesis; Interpretation and Recommendation Skills; Information synthesis and analysis; Machine Learning for Image Recognition; Feature-Based Image Recognition; AI Techniques for Image Recognition; Cloud computing; Cloud Concepts; Cloud Computing Fundamentals; Research and develop AI applications; Cloud Service Analysis,".Net -> 82a2c9e39ba6e496:Wide Area Networks (WAN) (0.8701); data pipelines -> e687563e03a65281:Database Integration (0.8728); generative AI -> d7a0db78b674962b:Text Creation (0.9109); NLP -> 803b3eb2b6af0271:Artificial intelligence (0.8966); computer vision -> 4c330d312e1c7bda:Machine Learning for Image Recognition (0.9214); cloud environments (Azure, AWS, GCP) -> 81121f330a983b7f:Cloud computing (0.9231); AI workloads optimization -> 50779cd6819806ac:Research and develop AI applications (0.8611)",4,CNTT1177; CNTT1130; CNTT1167; CNTT1140,CNTT1166; CNTT1186; CNTT1167; TMQT1132; KTHT 1102; CNTT1114; NLQT1106; TMQT1152; KTHT1104; CNTT1140,Digital Image Processing; Advanced Technologies in Information and Communication Technology; Cloud Computing; Fundamentals of E-commerce; Accounting Information Systems 2; Computer Network and Data Communication; English for Human Resource Management; E-commerce Transaction: Theory and Practice; Data Analytics for Accounting; Artificial Intelligence,CNTT1167; CNTT1140,0.0,1.0,1.0,1.0
49,695cbc321fa95d1eeecca0bd,groundtruth_dataset,2,Cloud platforms; AWS,Cloud platforms; AWS,<groundtruth_gap_source>,,4,81121f330a983b7f; cc975e69d79a6f6f; a468720e1a5dc0cb; b160bc1ca65d65b1,Cloud computing; Cloud Concepts; Cloud Service Analysis; Cloud Computing Fundamentals,Cloud platforms -> 81121f330a983b7f:Cloud computing (0.9484); AWS -> 81121f330a983b7f:Cloud computing (0.8744),1,CNTT1167,CNTT1167; CNTT1186; CNTT1198,Cloud Computing; Advanced Technologies in Information and Communication Technology; Cloud Service Security,CNTT1167,1.0,1.0,1.0,1.0
52,694a90f547743a24b54ffb12,groundtruth_dataset,3,ERP; digital marketing; technical writing,ERP; digital marketing; technical writing,<groundtruth_gap_source>,,9,e6a3b5530494287f; a94213fb6a83bebc; 6af2e1ecafd15b88; d8f8892a74cd1a85; 90b1bad7787cb161; ac388c14c17793f5; 0cf41d5fc9dec478; 2670a9f7b69eda59; 05878da4bc7d3249,Enterprise resource planning systems; Enterprise Management Tools; Deploy Business Intelligence Systems; Digital marketing decision-making process; Direct and Online Marketing; Proposing digital marketing strategies; Technical Writing; Website writing; Technical Communication,ERP -> e6a3b5530494287f:Enterprise resource planning systems (0.9222); digital marketing -> d8f8892a74cd1a85:Digital marketing decision-making process (0.9290); technical writing -> 0cf41d5fc9dec478:Technical Writing (0.9692),2,MKBH1116; MKMA1159,MKBH1116; MKTT1132; TIKT1135; TIKT1122; MTKT1119; DTKT1131; PTKT1108; CNTT1168; MKMA1110; TOKT1149,Digital Marketing; Writing skills for public relations; Development of Open Source Software and Applications; Business Intelligence; Natural Resource and Environmental Management; Quantity Surveyor and Budget Planning; Development Planning 2; An toàn và bảo mật thông tin; Marketing Management; Data Driven Marketing,MKBH1116,1.0,1.0,1.0,1.0
55,695cbcbd1fa95d1eeecca0be,groundtruth_dataset,5,MongoDB; Kubernetes; AWS; GCP; GO,MongoDB; Kubernetes; AWS; GCP; GO,<groundtruth_gap_source>,,11,cb62eba40b93615e; b53b7753437c5fbf; 4611994bd0ab71de; cc975e69d79a6f6f; 81121f330a983b7f; a468720e1a5dc0cb; b160bc1ca65d65b1; 70f0d3e18d498cc9; 454349e422f05297; 11a4a60b518bf249; bee590cd707e7172,Designing applications with MongoDB; Using other NoSQL databases; MySQL Database Management System; Cloud Concepts; Cloud computing; Cloud Service Analysis; Cloud Computing Fundamentals; Google Colab; R; Python; JavaScript Programming,MongoDB -> cb62eba40b93615e:Designing applications with MongoDB (0.9266); Kubernetes -> cc975e69d79a6f6f:Cloud Concepts (0.8492); AWS -> 81121f330a983b7f:Cloud computing (0.8744); GCP -> cc975e69d79a6f6f:Cloud Concepts (0.8816); GO -> 454349e422f05297:R (0.8351),3,CNTT1167; TIKT1124; TIKT1130,CNTT1175; CNTT1167; CNTT11105; CNTT1186; CNTT1180; TIKT1135; CNTT1165; TOTC1108; CNTT1198,Unstructured database; Cloud Computing; Cryptography and Information Security; Advanced Technologies in Information and Communication Technology; Python Programming; Development of Open Source Software and Applications; Web Design; The models for analyzing and evaluating the financial assets 1; Cloud Service Security,CNTT1167,0.0,1.0,1.0,1.0
57,696fca2cb166038a822e4750,groundtruth_dataset,4,Production Cost Optimization; Product Costing; Strategic Financial Analysis for Construction/Manufacturing; Management of Industrial Accounting Systems,Production Cost Optimization; Product Costing; Strategic Financial Analysis for Construction/Manufacturing; Management of Industrial Accounting Systems,<groundtruth_gap_source>,,12,3d6ae96017f46c2e; 2114edf5818ba05a; 4cb2fc6fa462b35a; 4d5c583613a3a65e; f32c55921601bc1f; 31cf49e9eea666a7; 6a6ebe8510ced07b; b200b989ecb8c273; 555ae346819a37b6; a534d9de6c4b3839; 32792b3a93711fb1; 777cca00bf6e574c,Cost Management; Creating production cost reports; Cost Planning Principles; Types of Costs and Product Costs; Understanding cost calculation methods for products; Differentiating types of costs and product costs; Financial Analysis; Corporate Finance Analysis; Strategic Analysis; Organizing Accounting Systems; Systematizing Accounting Information Systems; Describe Accounting Information Systems,Production Cost Optimization -> 3d6ae96017f46c2e:Cost Management (0.8905); Product Costing -> 4d5c583613a3a65e:Types of Costs and Product Costs (0.9311); Strategic Financial Analysis for Construction/Manufacturing -> 6a6ebe8510ced07b:Financial Analysis (0.9023); Management of Industrial Accounting Systems -> a534d9de6c4b3839:Organizing Accounting Systems (0.9205),4,QTTH1116; KTQT1109; KTQT1103; KTQT1106,KTQT1109; KTHT1101; QTTH1116; TOTC1121; CNTT1137; DTKT 1111; NHTC1103; TNKT1150; TMKT1141; NHCO1119,Cost Accounting; Accounting Information Systems 1; Cost Management; Quantitative risk management 2; Business Analysis; Investment Project Design and Management; Quản trị Tài chính trong du lịch và khách sạn; Agribusiness Investment Project; Commercial Enterprise Management; Public Asset Management,KTQT1109; QTTH1116,1.0,1.0,1.0,1.0
64,69637f9d57a0f8cfb910e921,groundtruth_dataset,3,GCP; Azure; BigQuery,GCP; Azure; BigQuery,<groundtruth_gap_source>,,6,cc975e69d79a6f6f; 81121f330a983b7f; 70f0d3e18d498cc9; b160bc1ca65d65b1; 983b5e0fb845ddb8; 595875b1b5164cb6,Cloud Concepts; Cloud computing; Google Colab; Cloud Computing Fundamentals; Managing large datasets; Power BI,GCP -> cc975e69d79a6f6f:Cloud Concepts (0.8816); Azure -> 81121f330a983b7f:Cloud computing (0.8839); BigQuery -> 983b5e0fb845ddb8:Managing large datasets (0.8564),3,CNTT1167; TKkD1127; CNTT1186,TKkD1127; CNTT1186; CNTT1167; CNTT1180; KTHT1104; CNTT1198,Phân tích dữ liệu lớn; Advanced Technologies in Information and Communication Technology; Cloud Computing; Python Programming; Data Analytics for Accounting; Cloud Service Security,TKkD1127; CNTT1186; CNTT1167,1.0,1.0,1.0,1.0
66,695cbcbd1fa95d1eeecca0bf,groundtruth_dataset,5,AWS Glue; EC2; VPC; ECS/EKS; IAM,AWS Glue; EC2; VPC; ECS/EKS; IAM,<groundtruth_gap_source>,,11,2271ef0581251939; 595875b1b5164cb6; 78478926d84635c5; 81121f330a983b7f; cc975e69d79a6f6f; b160bc1ca65d65b1; a3d7bb38562108eb; 10c46836f99bfacc; a468720e1a5dc0cb; ad4b0d58e0291133; 30808e394ba44d6f,Data Warehouse Knowledge; Power BI; Hadoop Model Explanation; Cloud computing; Cloud Concepts; Cloud Computing Fundamentals; Data Center Virtualization Architecture; Network Virtualization Principles; Cloud Service Analysis; Identity Management; System Protection and Security,AWS Glue -> 2271ef0581251939:Data Warehouse Knowledge (0.8391); EC2 -> 81121f330a983b7f:Cloud computing (0.8760); VPC -> a3d7bb38562108eb:Data Center Virtualization Architecture (0.8504); ECS/EKS -> cc975e69d79a6f6f:Cloud Concepts (0.8710); IAM -> ad4b0d58e0291133:Identity Management (0.8432),1,CNTT1167,CNTT1167; CNTT1198; CNTT1145; CNTT1181; CNTT1186; CNTT1107; KTHT1104,Cloud Computing; Cloud Service Security; Virtualization Technologies; Knowledge Discovery in Database; Advanced Technologies in Information and Communication Technology; Operating Systems; Data Analytics for Accounting,CNTT1167,1.0,1.0,1.0,1.0
67,696fcc8eb166038a822e475f,groundtruth_dataset,7,Java; multithreading; parallel processing; CAN; Ethernet; IPCore; FPGA,Java; multithreading; parallel processing; CAN; Ethernet; IPCore; FPGA,<groundtruth_gap_source>,,19,3a34b0fdd2853358; 41de0116bb2584cf; 31cdb63a1bef37c1; 20eee9e87acff49b; 4f60fe2c11c132e1; 0f2671fed097ec58; 983b5e0fb845ddb8; a9ec8d7a85274b1b; 454349e422f05297; 0f896e61bb2e7633; 82a2c9e39ba6e496; ed8a66c9697dfbce; 0b20076e939375b7; 35e7550fc947903f; 373dde7d0dba9e4b; 60b34647d30e6a65; 08b87df8a19c6bc9; db422ce0569a869d; 9afe80fb827352cb,"NetBeans IDE; Eclipse IDE; Object-Oriented Programming; Process Communication and Synchronization; Parallelism Techniques; CPU Scheduling Algorithms; Managing large datasets; Client Acceptance Decision Making; R; Component Identification; Wide Area Networks (WAN); Local Area Networks (LAN); Telecommunications, Internet, and Wireless Technology; NordLocker; Understanding the nature and role of key IMC tools; System Components Understanding; RISC Architecture; Instruction Set Architecture (ISA); Multi-core CPU Architecture",Java -> 3a34b0fdd2853358:NetBeans IDE (0.8473); multithreading -> 20eee9e87acff49b:Process Communication and Synchronization (0.8656); parallel processing -> 4f60fe2c11c132e1:Parallelism Techniques (0.8665); CAN -> a9ec8d7a85274b1b:Client Acceptance Decision Making (0.8420); Ethernet -> 82a2c9e39ba6e496:Wide Area Networks (WAN) (0.8811); IPCore -> 35e7550fc947903f:NordLocker (0.8303); FPGA -> 08b87df8a19c6bc9:RISC Architecture (0.8498),2,CNTT1153; CNTT1112,CNTT1112; CNTT1114; TIKT1135; TNDC1126; CNTT1145; TIHT1106; KTKI 1118; CNTT1180; CNTT1133; TOTC1108,Computer Architecture; Computer Network and Data Communication; Development of Open Source Software and Applications; Principles of Land Administration; Virtualization Technologies; English for Management Information System; Advanced Auditing and Other Assurance Services; Python Programming; Application Programming; The models for analyzing and evaluating the financial assets 1,CNTT1112,1.0,1.0,1.0,1.0
68,69637e7057a0f8cfb910e91f,groundtruth_dataset,13,"customer onboarding; loans; compliance; GCP; AWS; Kubernetes; data governance; security protocols; regulatory frameworks (MAS, GDPR, PCI-DSS); Oracle; MongoDB; Cassandra; MySQL","customer onboarding; loans; compliance; GCP; AWS; Kubernetes; data governance; security protocols; regulatory frameworks (MAS, GDPR, PCI-DSS); Oracle; MongoDB; Cassandra; MySQL",<groundtruth_gap_source>,,30,3397ba5e53781cb5; 9b89e2daa74abc48; 218430449bc2d441; af4ac853aef2a882; 242e9e15af0aa617; 8969d5dfe55a9130; a8c6e3a7760f164b; 8803662d165dcea7; f1eafe18f66cdd6f; cc975e69d79a6f6f; 81121f330a983b7f; 70f0d3e18d498cc9; b160bc1ca65d65b1; a468720e1a5dc0cb; 3dd499a7fb7e0a2d; f9ad3bb77478361c; 93f7e0f986ff8e70; cce17667f4173cb9; 30808e394ba44d6f; 39d8045646c13a4b; 156b39dd6575ca61; 79c41baebfebd6a5; ed346bb14786b438; 4611994bd0ab71de; cb62eba40b93615e; b53b7753437c5fbf; 6fa5dd8f1fcea426; 454349e422f05297; bd1fb73d47142cdc; 0903a2efa00ef879,Managing customer lifecycle; Guest Reception; Front Desk Operations; Debt and Leasing Markets; Insurance Transactions; Interest Rates; Compliance with Rules and Regulations; Compliance Standards; Compliance with Laws and Regulations; Cloud Concepts; Cloud computing; Google Colab; Cloud Computing Fundamentals; Cloud Service Analysis; Government Management; Government Management Tools; Control understanding in corporate governance; Security Protocol Analysis; System Protection and Security; Network Security; Legal and Policy Frameworks; SQL Server; Microsoft SQL Server; MySQL Database Management System; Designing applications with MongoDB; Using other NoSQL databases; Dirichlet Principle; R; Information Combination; SQL Database Management,"customer onboarding -> 3397ba5e53781cb5:Managing customer lifecycle (0.8878); loans -> af4ac853aef2a882:Debt and Leasing Markets (0.8761); compliance -> a8c6e3a7760f164b:Compliance with Rules and Regulations (0.9197); GCP -> cc975e69d79a6f6f:Cloud Concepts (0.8816); AWS -> 81121f330a983b7f:Cloud computing (0.8744); Kubernetes -> cc975e69d79a6f6f:Cloud Concepts (0.8492); data governance -> 3dd499a7fb7e0a2d:Government Management (0.8754); security protocols -> cce17667f4173cb9:Security Protocol Analysis (0.9277); regulatory frameworks (MAS, GDPR, PCI-DSS) -> 8803662d165dcea7:Compliance Standards (0.8789); Oracle -> 79c41baebfebd6a5:SQL Server (0.9080); MongoDB -> cb62eba40b93615e:Designing applications with MongoDB (0.9266); Cassandra -> 6fa5dd8f1fcea426:Dirichlet Principle (0.8466); MySQL -> 4611994bd0ab71de:MySQL Database Management System (0.9303)",3,CNTT1198; CNTT1167; TIKT1124,BHKT1118; CNTT1175; CNTT1167; DLKS1158; KTKI1109; CNTT1198; CNTT1168; KTKI 1116; LUCS1129; LUCS1137,Insurance Principles; Unstructured database; Cloud Computing; Operation of hospitality services 1; Financial Auditing 2; Cloud Service Security; An toàn và bảo mật thông tin; Financial Audit Practice; Fundamentals of Law; Law on civil procedures,CNTT1167; CNTT1198,0.0,1.0,1.0,1.0
70,6963803557a0f8cfb910e922,groundtruth_dataset,5,"deploying local and remote notifications; implementing in-app purchases; application quality management and release processes (App Store / Google Play, etc.); test code writing experience (Jest / React Native Testing Library, etc.); Biome","deploying local and remote notifications; implementing in-app purchases; application quality management and release processes (App Store / Google Play, etc.); test code writing experience (Jest / React Native Testing Library, etc.); Biome",<groundtruth_gap_source>,,15,55dcfba3a15e9371; e24d9edc73f9ca00; d4b75940e6b27fe2; bf281bcbbb891465; 762a08ea6267f552; 674ec1a02746cf1d; 4693c2b0d1ebf89d; 53ff4a27e4ec6d02; 1391b65f48128bb0; 710ea6b3deecb364; 0b6c9f6036708bf7; 0d6cd3ccd7000e1b; 99bc46f379b2482e; 57defa7408d20b22; ed5e58101eced6c9,Deploying and managing web applications; IoT Application Development; Smart System Deployment; Applying e-commerce transaction processes; Sales Promotion Integration with IMC; Working with online payment providers; Product Quality Management Application; Analysis Application; Monitor and Evaluate Development Plans; Testing Techniques Integration; Web Testing Techniques; Apply testing techniques; Understanding and explaining the essence of ecology; Material Cycles in Nature; Analyzing and evaluating ecosystems,"deploying local and remote notifications -> 55dcfba3a15e9371:Deploying and managing web applications (0.8075); implementing in-app purchases -> bf281bcbbb891465:Applying e-commerce transaction processes (0.8321); application quality management and release processes (App Store / Google Play, etc.) -> 4693c2b0d1ebf89d:Product Quality Management Application (0.8690); test code writing experience (Jest / React Native Testing Library, etc.) -> 710ea6b3deecb364:Testing Techniques Integration (0.8589); Biome -> 99bc46f379b2482e:Understanding and explaining the essence of ecology (0.8617)",2,CNTT1157; CNTT1178,MTKT1161; TIKT1134; TKkt1101; KTKI1109; TMQT1125; MKTT1145; CNTT1153; MTKT 1164; CNTT1154; TMQT1154,Ecology; Web Applications Development; System of National Accounts; Financial Auditing 2; E-commerce; Sales Promotion; Java Programming; Environmental Chemistry; Internet of Things; Payment for E-commerce,,0.0,0.0,0.0,0.0
71,694a92ab47743a24b54ffb16,groundtruth_dataset,6,reactive programming; UI testing; modern mobile development landscape; Golang; Microservices; DevOps culture,reactive programming; UI testing; modern mobile development landscape; Golang; Microservices; DevOps culture,<groundtruth_gap_source>,,18,42430699c92247f2; 34107c894ddfd639; 31cdb63a1bef37c1; becbf7f4a588cff7; 0b6c9f6036708bf7; 710ea6b3deecb364; ca6980df86daa02e; 4fd034811c0b16b8; edc92882a411041f; 11a4a60b518bf249; c44d9221d54651ad; abf415901e538ca7; 140f584ba1cbde2b; d378e8e4ed43431a; f39e4ff9d1d348e9; cdb03b287d4d6487; ad885b2f53533c2c; 075de41b52f1b0b0,Data interaction programming; Search Functionality Programming; Object-Oriented Programming; Test Design; Web Testing Techniques; Testing Techniques Integration; Mastering web application technologies; Mobile Application Development; Responsive Web Design; Python; Python Programming; Python Programming Language; Service-Oriented Architecture; Service-Oriented Approach; Web Services Technologies; Organizational Culture; Building and maintaining corporate culture; Recognizing organizational culture,reactive programming -> 42430699c92247f2:Data interaction programming (0.8432); UI testing -> becbf7f4a588cff7:Test Design (0.8741); modern mobile development landscape -> ca6980df86daa02e:Mastering web application technologies (0.8806); Golang -> 11a4a60b518bf249:Python (0.7894); Microservices -> 140f584ba1cbde2b:Service-Oriented Architecture (0.8929); DevOps culture -> cdb03b287d4d6487:Organizational Culture (0.8830),2,CNTT1178; CNTT1157,CNTT1190; CNTT1133; NNTM1172; KTKI1109; TIKT1129; CNTT1165; CNTT1180; TIHT1113; QTVH1111; CNTT1188,Service Oriented Software Development; Application Programming; English Teaching Methodology; Financial Auditing 2; Electronic Commerce Systems; Web Design; Python Programming; Development of Management Applications; Corporate Culture; Web Programming,,0.0,0.0,0.0,0.0
72,6963803557a0f8cfb910e923,groundtruth_dataset,3,C#; Playwright; performance testing techniques and tools,C#; Playwright; performance testing techniques and tools,<groundtruth_gap_source>,,9,b27794974a29d825; 4b351a323634f057; 2f84c910ea74ba58; ee0902fbd881250a; d5deacdd34788a54; a5858cfd572ec358; 4058cde8164a60ce; 0b6c9f6036708bf7; 0d6cd3ccd7000e1b,ADO.NET Programming; Using C# programming language in Visual Studio; Visual Studio; Speech writing; PR writing skills; PR writing process; Application Testing Techniques; Web Testing Techniques; Apply testing techniques,C# -> b27794974a29d825:ADO.NET Programming (0.8934); Playwright -> ee0902fbd881250a:Speech writing (0.8402); performance testing techniques and tools -> 4058cde8164a60ce:Application Testing Techniques (0.9023),2,CNTT1178; TIHT1113,MKTT1132; CNTT1133; TIHT1113; CNTT1188; CNTT1157; CNTT1153,Writing skills for public relations; Application Programming; Development of Management Applications; Web Programming; Mobile Applications Development; Java Programming,TIHT1113,0.0,1.0,1.0,1.0
73,695cbe731fa95d1eeecca0c2,groundtruth_dataset,7,Vue.js; Unit test using Jest; Next.js; Performance-oriented development; Back-end development; AWS; Google Analytics,Vue.js; Unit test using Jest; Next.js; Performance-oriented development; Back-end development; AWS; Google Analytics,<groundtruth_gap_source>,,19,bee590cd707e7172; 5de4fde34b6cdb3f; 5b79d0d574eedd09; 710ea6b3deecb364; 4058cde8164a60ce; 0b6c9f6036708bf7; ca6980df86daa02e; 55dcfba3a15e9371; 81411262539a8a05; 1391b65f48128bb0; b49f40ea122d0cc3; 8b6799760a8163c1; ce877ea042597d23; 81121f330a983b7f; cc975e69d79a6f6f; b160bc1ca65d65b1; e11bb3d7da37d647; 65a5eee8f0af66d2; 53136e27f95e6aa2,JavaScript Programming; JavaScript Basics; Figma; Testing Techniques Integration; Application Testing Techniques; Web Testing Techniques; Mastering web application technologies; Deploying and managing web applications; Analyzing practical situations in development management; Monitor and Evaluate Development Plans; Process Improvement; RESTful API Development; Explaining front-end and back-end programming; Cloud computing; Cloud Concepts; Cloud Computing Fundamentals; Marketing Analysis; Consumer Behavior Optimization; Market Research,Vue.js -> bee590cd707e7172:JavaScript Programming (0.8289); Unit test using Jest -> 710ea6b3deecb364:Testing Techniques Integration (0.8076); Next.js -> ca6980df86daa02e:Mastering web application technologies (0.8140); Performance-oriented development -> 81411262539a8a05:Analyzing practical situations in development management (0.8879); Back-end development -> 8b6799760a8163c1:RESTful API Development (0.8766); AWS -> 81121f330a983b7f:Cloud computing (0.8744); Google Analytics -> e11bb3d7da37d647:Marketing Analysis (0.8875),3,CNTT1167; CNTT1119; CNTT1188,CNTT1188; TIKT1134; DLLH1147; KTKI1109; PTKT 1119; PTKT1121; TIKT1129; TOkt1104; TMKT1141; TNKT1150,Web Programming; Web Applications Development; Marketing Management for Hospitality and Tourism; Financial Auditing 2; Development Planning 1; Development Management; Electronic Commerce Systems; Mathematical Economic Modeling 1; Commercial Enterprise Management; Agribusiness Investment Project,CNTT1188,1.0,1.0,1.0,1.0
74,696fd023b166038a822e477f,groundtruth_dataset,1,Fast accounting software,Fast accounting software,<groundtruth_gap_source>,,3,5cda33bd7b0feb89; e1b0095864b4680a; 9de5d59385bb9b04,Specialized Accounting Software for Business; Specialized Accounting Software for Administrative Services; Accounting Software Evaluation,Fast accounting software -> 5cda33bd7b0feb89:Specialized Accounting Software for Business (0.9147),2,TIHT1119; KTHT1104,TIHT1119; TIKT1117,Computer-based Accounting; Accounting Informatics,TIHT1119,1.0,1.0,1.0,1.0
75,697b19e7b166038a822e4d3f,groundtruth_dataset,3,Financial models; Media coordination; Profit margin management,Financial models; Media coordination; Profit margin management,<groundtruth_gap_source>,,9,95c7e896df055bf3; b57589351257c382; bd62fe1ad1cf8464; 9708af5b8f89d6be; 02ccb92a1aaf2a20; c32ea3011ff943d1; 7589565432ed6928; fe93d12cf3d8fd3f; 9190dcf1a336b6b6,Financial Modeling; Financial Modeling Techniques; Economic and Financial Modeling; Planning and Coordination; Resource Coordination Skills; Resource Coordination Techniques; Profit method application; Analyzing break-even points and target profits; Working Capital Management,Financial models -> 95c7e896df055bf3:Financial Modeling (0.9469); Media coordination -> 9708af5b8f89d6be:Planning and Coordination (0.9252); Profit margin management -> 7589565432ed6928:Profit method application (0.8775),3,TOTC1106; TOTC1108; TOTC1109,TOTC1110; KTQT1103; TNBD1128; QLXH1105; CNTT1198; BHKT1120; TOTC1106; NHQT1109; TOkt1105; QTKD1118,Models of Financial Corporate; Managerial Accounting 1; Real estate valuation 2; Public Services Management; Cloud Service Security; Social Insurance Management 1; Fundamentals of Mathematical Finance; Multinational Business Finance; Probability Theory; Project Execution Management,TOTC1106,0.0,0.0,0.0,1.0
78,694a933a47743a24b54ffb17,groundtruth_dataset,8,Go; Kubernetes; Helm; Kafka; Cassandra; Zookeeper; Geode; Distributed systems,Go; Kubernetes; Helm; Kafka; Cassandra; Zookeeper; Geode; Distributed systems,<groundtruth_gap_source>,,19,454349e422f05297; 79ff3383edd2e8dd; 34107c894ddfd639; cc975e69d79a6f6f; 81121f330a983b7f; a468720e1a5dc0cb; 35e7550fc947903f; 0b205cfba1befb3b; 78478926d84635c5; 2271ef0581251939; 312caaf8d1854778; 6fa5dd8f1fcea426; bd1fb73d47142cdc; 2e3e746b47bf09af; 1a1e557927e37bed; b5fa26493bffc053; dfcbf16d3534b1b0; d8d463c12a243d6b; 1404bec5be6706d3,R; Open source programming languages; Search Functionality Programming; Cloud Concepts; Cloud computing; Cloud Service Analysis; NordLocker; Customer Concept Comprehension; Hadoop Model Explanation; Data Warehouse Knowledge; Queue Data Structures; Dirichlet Principle; Information Combination; Storage Virtualization Mechanisms; Geographic Knowledge; Understanding land database systems; GIS Components and Functions; System Architecture; System Architecture Design,Go -> 454349e422f05297:R (0.8056); Kubernetes -> cc975e69d79a6f6f:Cloud Concepts (0.8492); Helm -> 35e7550fc947903f:NordLocker (0.8527); Kafka -> 78478926d84635c5:Hadoop Model Explanation (0.8522); Cassandra -> 6fa5dd8f1fcea426:Dirichlet Principle (0.8466); Zookeeper -> 78478926d84635c5:Hadoop Model Explanation (0.8184); Geode -> 1a1e557927e37bed:Geographic Knowledge (0.8383); Distributed systems -> d8d463c12a243d6b:System Architecture (0.8775),1,CNTT1167,CNTT1167; CNTT1145; CNTT1181; CNTT11105; KTKI1109; TIHT1110; TIKT1135; CNTT1186; TOCB1107; DLKS1113,Cloud Computing; Virtualization Technologies; Knowledge Discovery in Database; Cryptography and Information Security; Financial Auditing 2; Decision Support Systems; Development of Open Source Software and Applications; Advanced Technologies in Information and Communication Technology; Discrete Mathematics; Restaurant Business Management,CNTT1167,1.0,1.0,1.0,1.0
79,696fcd1eb166038a822e4765,groundtruth_dataset,3,Non-life Insurance Products; Sales Agent Training; Partner Relationship Management,Non-life Insurance Products; Sales Agent Training; Partner Relationship Management,<groundtruth_gap_source>,,9,eaee706039b0a5b7; d4bd2e83dd88974a; 7a62e5d2418ecd75; 848ed9aebcd2af64; 69bd0230ad041476; 9bc040aa1bbad40f; 75166d1127c6e73a; 41d424a17d6cc870; 95b60e75c2cccfdf,"Types of Insurance; Personal Accident Insurance; Insurance Principles; Sales techniques; Understanding the nature, importance, and process of recruiting, training, and developing the sales force; Understanding the tasks of sales staff throughout the sales process; Customer Relationship Management; Understanding customer relationships management; Building Positive Relationships with Customers",Non-life Insurance Products -> eaee706039b0a5b7:Types of Insurance (0.9058); Sales Agent Training -> 848ed9aebcd2af64:Sales techniques (0.8844); Partner Relationship Management -> 75166d1127c6e73a:Customer Relationship Management (0.9139),2,MKBH1109; BHKT1166,BHKT1118; BHKT1105; DLKS1118; DLLH1147; MKBH1105; MKBH1110; NNTM1151; MKTT1110,Insurance Principles; Business Insurance 2; Psychology and Communication in Tourism; Marketing Management for Hospitality and Tourism; Quản trị bán hàng; Selling Skills; Integrated skills - English for economics and business 1; Advertising agency management,,0.0,0.0,0.0,0.0
84,696380c657a0f8cfb910e925,groundtruth_dataset,3,Next.js; cross-browser compatibility; .NET Core APIs,Next.js; cross-browser compatibility; .NET Core APIs,<groundtruth_gap_source>,,8,ca6980df86daa02e; 55dcfba3a15e9371; bee590cd707e7172; edc92882a411041f; 5de4fde34b6cdb3f; b27794974a29d825; fc7c954dfd351104; c3b6b555f3bf5b9a,Mastering web application technologies; Deploying and managing web applications; JavaScript Programming; Responsive Web Design; JavaScript Basics; ADO.NET Programming; Understanding .Net Programming Approach; Differentiating Control Features in .Net Programming,Next.js -> ca6980df86daa02e:Mastering web application technologies (0.8140); cross-browser compatibility -> edc92882a411041f:Responsive Web Design (0.8040); .NET Core APIs -> b27794974a29d825:ADO.NET Programming (0.8517),3,CNTT1130; CNTT1119; CNTT1188,CNTT1165; CNTT1130; TIKT1134; CNTT1133; TIKT1129,Web Design; .Net Programming; Web Applications Development; Application Programming; Electronic Commerce Systems,CNTT1130,0.0,1.0,1.0,1.0
85,695cbf031fa95d1eeecca0c4,groundtruth_dataset,4,big data technology; NLP; LLM; VLM,big data technology; NLP; LLM; VLM,<groundtruth_gap_source>,,9,33a440e8859bb4dc; 5a7441dc2fd15f30; 13a02ebf31103922; 803b3eb2b6af0271; 10be35b30753d337; bbbfae3f1f7e7039; e0d7a3c97f855702; cf9e4e699aa28645; 88535ead181457af,Understanding big data concepts; Collecting large datasets; Analyzing large datasets; Artificial intelligence; Interpretation and Recommendation Skills; Information synthesis and analysis; Information retrieval and synthesis; VTOS Standards; Continuous lifelong learning to adapt to changing conditions,big data technology -> 33a440e8859bb4dc:Understanding big data concepts (0.8977); NLP -> 803b3eb2b6af0271:Artificial intelligence (0.8966); LLM -> 803b3eb2b6af0271:Artificial intelligence (0.8786); VLM -> 803b3eb2b6af0271:Artificial intelligence (0.8339),2,TKkD1127; CNTT1140,TKkD1127; CNTT1186; DLLH1141; TMQT1132; MTDT1121; TNKT 1114; TMQT1152; KTHT1104,Phân tích dữ liệu lớn; Advanced Technologies in Information and Communication Technology; Career development in Tourism and Travel industry; Fundamentals of E-commerce; Urbanization and Development; Investment in Agricultural and Rural Development; E-commerce Transaction: Theory and Practice; Data Analytics for Accounting,TKkD1127,1.0,1.0,1.0,1.0
87,6963803557a0f8cfb910e924,groundtruth_dataset,2,FMEA; project-management-tools-JIRA,FMEA; project-management-tools-JIRA,<groundtruth_gap_source>,,6,547fd3697aa0ed6a; d2c60407bbda495f; 90df88e4d702bcd7; a49300053b0211fe; 7f0a76ce26d240f3; d199bd441c0c4d67,Material Flow Cost Accounting (MFCA); Risk Management Framework; Quality Factors Identification; Project Management Application; Microsoft Project; Tools for Organizing Plan Implementation,FMEA -> 547fd3697aa0ed6a:Material Flow Cost Accounting (MFCA) (0.8696); project-management-tools-JIRA -> a49300053b0211fe:Project Management Application (0.8984),1,TIKT1113,DTKT1149; QTKD1118; MTKT1152; PTKT1109; BHKT1163; KTKI 1108,Chuyên đề Tin học quản lý đầu tư; Project Execution Management; Environmental and Natural Capital Accounting; Business Planning; Risk Management in Insurance; Financial Auditing 1,,0.0,0.0,0.0,0.0
90,696380c657a0f8cfb910e926,groundtruth_dataset,3,Python; WordPress; Docker,Python; WordPress; Docker,<groundtruth_gap_source>,,9,11a4a60b518bf249; c44d9221d54651ad; abf415901e538ca7; 576473d6a73d7f55; 59a049c750394673; 17b8c34a79e001bc; 70f0d3e18d498cc9; 81121f330a983b7f; cc975e69d79a6f6f,Python; Python Programming; Python Programming Language; WordPress; Web development using WordPress; Content management systems; Google Colab; Cloud computing; Cloud Concepts,Python -> 11a4a60b518bf249:Python (1.0000); WordPress -> 576473d6a73d7f55:WordPress (1.0000); Docker -> 70f0d3e18d498cc9:Google Colab (0.8576),2,CNTT1180; CNTT1116,TIKT1129; TIKT1135; CNTT1186; CNTT1167; CNTT1180; CNTT11105; CNTT1177,Electronic Commerce Systems; Development of Open Source Software and Applications; Advanced Technologies in Information and Communication Technology; Cloud Computing; Python Programming; Cryptography and Information Security; Machine Learning,CNTT1180,0.0,0.0,1.0,1.0
94,696380c657a0f8cfb910e927,groundtruth_dataset,3,WordPress; Docker; Website development,WordPress; Docker; Website development,<groundtruth_gap_source>,,8,576473d6a73d7f55; 59a049c750394673; 17b8c34a79e001bc; 70f0d3e18d498cc9; 81121f330a983b7f; cc975e69d79a6f6f; 644020ef757e548a; 89d05febfc66b01c,WordPress; Web development using WordPress; Content management systems; Google Colab; Cloud computing; Cloud Concepts; E-commerce Website Development; Website Management Skills,WordPress -> 576473d6a73d7f55:WordPress (1.0000); Docker -> 70f0d3e18d498cc9:Google Colab (0.8576); Website development -> 644020ef757e548a:E-commerce Website Development (0.9089),3,CNTT1119; CNTT1188; TIKT1134,TIKT1129; TIKT1135; CNTT1186; CNTT1167; CNTT1180; TMQT1132; CNTT1119,Electronic Commerce Systems; Development of Open Source Software and Applications; Advanced Technologies in Information and Communication Technology; Cloud Computing; Python Programming; Fundamentals of E-commerce; Website Design and Programming,CNTT1119,0.0,0.0,0.0,1.0
95,69526734b27a39886f08acf3,groundtruth_dataset,2,ERP system experience; Corporate Income Tax (CIT) settlement,ERP system experience; Corporate Income Tax (CIT) settlement,<groundtruth_gap_source>,,6,e6a3b5530494287f; a94213fb6a83bebc; 6af2e1ecafd15b88; b2772cc34a579904; faf3ad662109e1d5; 01ce75b8be00ec5d,Enterprise resource planning systems; Enterprise Management Tools; Deploy Business Intelligence Systems; Corporate Income Tax; Personal Income Tax; Tax Management Law,ERP system experience -> e6a3b5530494287f:Enterprise resource planning systems (0.8912); Corporate Income Tax (CIT) settlement -> b2772cc34a579904:Corporate Income Tax (0.9159),1,NHCO1111,NHCO1111; TIKT1135; TIKT1122; MTKT1119; LUKD_11105,Taxation; Development of Open Source Software and Applications; Business Intelligence; Natural Resource and Environmental Management; Vietnam Laws on Taxation,NHCO1111,1.0,1.0,1.0,1.0
98,697b1a84b166038a822e4d44,groundtruth_dataset,1,cost management,cost management,<groundtruth_gap_source>,,3,3d6ae96017f46c2e; 61025dda60d61757; 4902bff50d6223d8,Cost Management; Cost Management Tasks; Cost management in Microsoft Project,cost management -> 3d6ae96017f46c2e:Cost Management (0.9808),1,QTTH1116,TMKT1141; QTTH1116; DTKT1157,Commercial Enterprise Management; Cost Management; Microsoft Project,QTTH1116,0.0,1.0,1.0,1.0
99,695cc0241fa95d1eeecca0c7,groundtruth_dataset,3,Python; C#; performance testing techniques and tools,Python; C#; performance testing techniques and tools,<groundtruth_gap_source>,,9,11a4a60b518bf249; c44d9221d54651ad; abf415901e538ca7; b27794974a29d825; 4b351a323634f057; 2f84c910ea74ba58; 4058cde8164a60ce; 0b6c9f6036708bf7; 0d6cd3ccd7000e1b,Python; Python Programming; Python Programming Language; ADO.NET Programming; Using C# programming language in Visual Studio; Visual Studio; Application Testing Techniques; Web Testing Techniques; Apply testing techniques,Python -> 11a4a60b518bf249:Python (1.0000); C# -> b27794974a29d825:ADO.NET Programming (0.8934); performance testing techniques and tools -> 4058cde8164a60ce:Application Testing Techniques (0.9023),2,CNTT1180; TIHT1113,CNTT1133; TIHT1113; CNTT1157; TIKT1135; CNTT1177; CNTT1153; CNTT1188; CNTT11105,Application Programming; Development of Management Applications; Mobile Applications Development; Development of Open Source Software and Applications; Machine Learning; Java Programming; Web Programming; Cryptography and Information Security,TIHT1113,0.0,1.0,1.0,1.0
100,696fd8ceb166038a822e4791,groundtruth_dataset,5,SOAP; Flutter; Android; cloud services; background communication,SOAP; Flutter; Android; cloud services; background communication,<groundtruth_gap_source>,,15,db27b691e112b3f3; 140f584ba1cbde2b; d7b10c723d1f8680; 5b79d0d574eedd09; 11a4a60b518bf249; bee590cd707e7172; 4fd034811c0b16b8; 9ca93b80b1781590; e24d9edc73f9ca00; 81121f330a983b7f; a468720e1a5dc0cb; cc975e69d79a6f6f; 202e9d6c2400c7a8; 240cdb5244df2964; be7fabf75ae92e5d,"SOAP Service Development; Service-Oriented Architecture; Service-Oriented System Development; Figma; Python; JavaScript Programming; Mobile Application Development; Open Source Application Software; IoT Application Development; Cloud computing; Cloud Service Analysis; Cloud Concepts; Managing multimedia communication for businesses; Applying general communication skills; Classifying business communication forms, channels, and trends",SOAP -> db27b691e112b3f3:SOAP Service Development (0.8871); Flutter -> 5b79d0d574eedd09:Figma (0.8304); Android -> 4fd034811c0b16b8:Mobile Application Development (0.8547); cloud services -> 81121f330a983b7f:Cloud computing (0.9562); background communication -> 202e9d6c2400c7a8:Managing multimedia communication for businesses (0.8736),1,CNTT1167,CNTT1190; NNTM1159; CNTT1167; TIKT1135; CNTT1157; CNTT1154; CNTT1117; CNTT11105; CNTT1186; CNTT1165,Service Oriented Software Development; Business Communication – in English; Cloud Computing; Development of Open Source Software and Applications; Mobile Applications Development; Internet of Things; System Analysis and Design; Cryptography and Information Security; Advanced Technologies in Information and Communication Technology; Web Design,CNTT1167,0.0,1.0,1.0,1.0
102,696380c657a0f8cfb910e928,groundtruth_dataset,4,Redmine; Chrome DevTools; Selenium; Appium,Redmine; Chrome DevTools; Selenium; Appium,<groundtruth_gap_source>,,12,a49300053b0211fe; 17b8c34a79e001bc; 64ed9d11d5a107c3; 19034ff2846dd635; 168548022551fcd0; f88313c4e8cfe4de; 0b6c9f6036708bf7; abadc21dad829061; 41de0116bb2584cf; 5b79d0d574eedd09; 4058cde8164a60ce; 710ea6b3deecb364,Project Management Application; Content management systems; Model Management Understanding; Visual Studio Code; Mastering web development tools; Web Development Tools; Web Testing Techniques; Manage and Exploit Websites; Eclipse IDE; Figma; Application Testing Techniques; Testing Techniques Integration,Redmine -> a49300053b0211fe:Project Management Application (0.8555); Chrome DevTools -> 19034ff2846dd635:Visual Studio Code (0.8953); Selenium -> 0b6c9f6036708bf7:Web Testing Techniques (0.8428); Appium -> 5b79d0d574eedd09:Figma (0.8065),3,CNTT1188; TIKT1134; CNTT1119,TIKT1135; CNTT1165; CNTT1180; QTKD1118; TIKT1134; KTKI1109; TIKT1132; CNTT1188; CNTT1117; TNDC1126,Development of Open Source Software and Applications; Web Design; Python Programming; Project Execution Management; Web Applications Development; Financial Auditing 2; Online Marketing; Web Programming; System Analysis and Design; Principles of Land Administration,TIKT1134; CNTT1188,0.0,0.0,1.0,1.0
103,695cc1491fa95d1eeecca0c8,groundtruth_dataset,6,GCP; Azure; MariaDB; Oracle; Change management; Performance tuning,GCP; Azure; MariaDB; Oracle; Change management; Performance tuning,<groundtruth_gap_source>,,14,cc975e69d79a6f6f; 81121f330a983b7f; 70f0d3e18d498cc9; b160bc1ca65d65b1; 4611994bd0ab71de; ed346bb14786b438; 51b0b40bc3390545; 79c41baebfebd6a5; 7be96c1162c0c7bc; 50093a2afaf8b71b; 035faf1a2ab69e7c; 84933d3097e0c31a; 9aae78751eb7d681; 9e47f47ee32f5026,Cloud Concepts; Cloud computing; Google Colab; Cloud Computing Fundamentals; MySQL Database Management System; Microsoft SQL Server; Database Management Systems; SQL Server; Change Management; Recognizing the necessity and contents of managing and leading change; Understanding basic concepts of enterprise change and development; Algorithm Performance; Query Optimization; Performance Measurement,GCP -> cc975e69d79a6f6f:Cloud Concepts (0.8816); Azure -> 81121f330a983b7f:Cloud computing (0.8839); MariaDB -> 4611994bd0ab71de:MySQL Database Management System (0.9176); Oracle -> 79c41baebfebd6a5:SQL Server (0.9080); Change management -> 7be96c1162c0c7bc:Change Management (0.9949); Performance tuning -> 84933d3097e0c31a:Algorithm Performance (0.8541),2,TKkD1127; CNTT1167,QTTH1128; CNTT1186; QLKT1128; TIHT1101; CNTT1167; CNTT1180; CNTT1152; TIKT1135; CNTT1133; QTKD1133,Enterprise development and change; Advanced Technologies in Information and Communication Technology; Managing Change; Data Structures and Algorithms; Cloud Computing; Python Programming; Database Management Systems; Development of Open Source Software and Applications; Application Programming; Supply Chain Management,CNTT1167,0.0,0.0,1.0,1.0
106,696380c657a0f8cfb910e929,groundtruth_dataset,4,Google Cloud Deployment Manager; Cloud SDK; Python; Go,Google Cloud Deployment Manager; Cloud SDK; Python; Go,<groundtruth_gap_source>,,12,55dcfba3a15e9371; 70f0d3e18d498cc9; 4b8eca6ed9475d18; cc975e69d79a6f6f; 81121f330a983b7f; a468720e1a5dc0cb; 11a4a60b518bf249; c44d9221d54651ad; abf415901e538ca7; 454349e422f05297; 79ff3383edd2e8dd; 34107c894ddfd639,Deploying and managing web applications; Google Colab; Service Management; Cloud Concepts; Cloud computing; Cloud Service Analysis; Python; Python Programming; Python Programming Language; R; Open source programming languages; Search Functionality Programming,Google Cloud Deployment Manager -> 55dcfba3a15e9371:Deploying and managing web applications (0.8413); Cloud SDK -> cc975e69d79a6f6f:Cloud Concepts (0.8670); Python -> 11a4a60b518bf249:Python (1.0000); Go -> 454349e422f05297:R (0.8056),2,CNTT1167; CNTT1180,TIKT1135; CNTT1167; TIKT1134; CNTT11105; CNTT1180; MKMA1164; TOTC1108; CNTT1186; CNTT1133; CNTT1177,Development of Open Source Software and Applications; Cloud Computing; Web Applications Development; Cryptography and Information Security; Python Programming; Product Management; The models for analyzing and evaluating the financial assets 1; Advanced Technologies in Information and Communication Technology; Application Programming; Machine Learning,CNTT1167; CNTT1180,0.0,1.0,1.0,1.0
108,69526bd3b27a39886f08ad22,groundtruth_dataset,3,unit tests; test automation; AI development,unit tests; test automation; AI development,<groundtruth_gap_source>,,8,d1deb4fdfb721e44; 710ea6b3deecb364; 67d3c5574f107aa2; 7209ac90fac75884; 91ec854c3fff68a5; 803b3eb2b6af0271; 50779cd6819806ac; 302e3da4908ab96e,Testing control procedures; Testing Techniques Integration; Audit Test Execution; Automated Testing Techniques; Software Testing Overview; Artificial intelligence; Research and develop AI applications; Model Building for AI Applications,unit tests -> d1deb4fdfb721e44:Testing control procedures (0.8497); test automation -> 7209ac90fac75884:Automated Testing Techniques (0.8889); AI development -> 803b3eb2b6af0271:Artificial intelligence (0.9215),2,CNTT1178; CNTT1140,KTKI1109; CNTT1178; CNTT1186; TIHT1123; KTKI 1116; CNTT1140; TIHT1104,Financial Auditing 2; Software Testing and Quality Assurance; Advanced Technologies in Information and Communication Technology; Application of Artificial Intelligence in Business and Management; Financial Audit Practice; Artificial Intelligence; Software Engineering,CNTT1178; CNTT1140,0.0,1.0,1.0,1.0
121,695cc2751fa95d1eeecca0cb,groundtruth_dataset,5,"Modern architectural styles (microservices, cloud-based, micro-kernel); Design patterns (SOLID, GoF, MVVM); CI/CD tools and practices; Oracle; MS SQL","Modern architectural styles (microservices, cloud-based, micro-kernel); Design patterns (SOLID, GoF, MVVM); CI/CD tools and practices; Oracle; MS SQL",<groundtruth_gap_source>,,13,f6fd46a207885909; 140f584ba1cbde2b; 81121f330a983b7f; 2c26ea23a1adea4b; 65a3aaef3877d176; b63593332cebe7ab; 5b38c92a1b9db958; 7d58e187d0938570; 035faf1a2ab69e7c; 79c41baebfebd6a5; ed346bb14786b438; 4611994bd0ab71de; 7fb492d807a274a9,Understanding the basics of architecture; Service-Oriented Architecture; Cloud computing; Object-Oriented Design; Software Design Fundamentals; Proficient Use of UML Design Tools; Version Control Systems; Testing Process Management; Understanding basic concepts of enterprise change and development; SQL Server; Microsoft SQL Server; MySQL Database Management System; SQL Server Management Studio,"Modern architectural styles (microservices, cloud-based, micro-kernel) -> f6fd46a207885909:Understanding the basics of architecture (0.8466); Design patterns (SOLID, GoF, MVVM) -> 2c26ea23a1adea4b:Object-Oriented Design (0.8673); CI/CD tools and practices -> 5b38c92a1b9db958:Version Control Systems (0.8539); Oracle -> 79c41baebfebd6a5:SQL Server (0.9080); MS SQL -> 79c41baebfebd6a5:SQL Server (0.9677)",5,CNTT1167; TIKT1124; CNTT1152; TIKT1130; CNTT1188,CNTT1152; TIKT1135; TIKT1133; CNTT1178; CNTT1186; CNTT1190; QTTH1128; TNBD1136; TIHT1104; CNTT1117,Database Management Systems; Development of Open Source Software and Applications; Unified Modeling Language; Software Testing and Quality Assurance; Advanced Technologies in Information and Communication Technology; Service Oriented Software Development; Enterprise development and change; Architecture; Software Engineering; System Analysis and Design,CNTT1152,1.0,1.0,1.0,1.0
125,695cc2761fa95d1eeecca0cc,groundtruth_dataset,2,secure coding practices; encryption standards,secure coding practices; encryption standards,<groundtruth_gap_source>,,6,c0656a06590b5361; a2ee80c016423270; 9483fcfd171f5daf; 9899f1fec6613468; f33ab0b6b6be7183; 6ea013dfbbf35318,Database Security Principles; Application Security Principles; Password Management in Code; AES; Cryptography Techniques; RSA Cryptosystem,secure coding practices -> c0656a06590b5361:Database Security Principles (0.8761); encryption standards -> 9899f1fec6613468:AES (0.9372),2,CNTT1197; CNTT1168,CNTT1199; CNTT1168; CNTT1197; TOCB1107; CNTT11105; CNTT1152,Software and Database Security; An toàn và bảo mật thông tin; Cybersecurity; Discrete Mathematics; Cryptography and Information Security; Database Management Systems,CNTT1168; CNTT1197,0.0,1.0,1.0,1.0
136,69651066b166038a822e42f3,groundtruth_dataset,1,English communication skills (average level),English communication skills (average level),<groundtruth_gap_source>,,3,1d3f58bad3e7e4dd; 0506d5a94b385354; 8b3f82a9920e6969,Basic English Communication; Basic English Proficiency; Language Proficiency,English communication skills (average level) -> 1d3f58bad3e7e4dd:Basic English Communication (0.9048),3,NNKC 1131; NNTM1176; NNTM1151,TMKQ1115; MKTT1143; LUCS1136,English for International Economics and Business; English for Public Relations; Drafting Legal Documents,,0.0,0.0,0.0,0.0
142,695283c0b27a39886f08ae47,groundtruth_dataset,1,Data Analysis for Facebook Ad Campaigns,Data Analysis for Facebook Ad Campaigns,<groundtruth_gap_source>,,3,467119c2e02e473b; e11bb3d7da37d647; cf74ce0e22303913,Data analysis; Marketing Analysis; Advertising Campaign Management,Data Analysis for Facebook Ad Campaigns -> 467119c2e02e473b:Data analysis (0.9106),2,TKKT1133; TKkD1127,TNDC1150; CNTT1180; DLLH1147; MKTT1112,Land using investment project assessment; Python Programming; Marketing Management for Hospitality and Tourism; Advertising Management,,0.0,0.0,0.0,0.0
149,6970992ab166038a822e47cc,groundtruth_dataset,5,Sketch; component; usability; accessibility; responsive design,Sketch; component; usability; accessibility; responsive design,<groundtruth_gap_source>,,14,5b79d0d574eedd09; 03c636e78ec15ab6; 4b663be5d1104d65; fbc6c1d4c3b6db8f; 0f896e61bb2e7633; 0f464bdbb1fda910; 661559a2e0ec9f17; 23a445aee758daed; d3285497b7c6cc8a; edc92882a411041f; fa39adb17cad35e0; 3e8f41784652266b; 40b314bff06261d1; 1772039f1bc9928d,"Figma; Reading architectural drawings; Map Creation and Editing; Modules; Component Identification; Analyzing project components; Adaptability; Translation Flexibility; Dynamic, flexible, and friendly team working ability; Responsive Web Design; Service Design and Implementation; Finding, processing, and using information appropriately; Interface Design; Web Application Design",Sketch -> 5b79d0d574eedd09:Figma (0.8623); component -> fbc6c1d4c3b6db8f:Modules (0.8463); usability -> 661559a2e0ec9f17:Adaptability (0.8379); accessibility -> edc92882a411041f:Responsive Web Design (0.8215); responsive design -> edc92882a411041f:Responsive Web Design (0.9410),1,CNTT1165,MTDt1106; NNTM1107; DTKT 1176; CNTT1188; MKMA1101; KTHT1105; TOkt1144; KTKI 1116; DLLH1154; DLLH1141,Hệ thống thông tin địa lý (Geographic Information System); Translation 1; Project Design; Web Programming; Consumer Behavior; Kiểm soát nội bộ; Optimization; Financial Audit Practice; Operation of Travel Service 3; Career development in Tourism and Travel industry,,0.0,0.0,0.0,0.0
152,6952858db27a39886f08ae5f,groundtruth_dataset,3,Corporate banking credit operations; Knowledge of CBRC rules; Commercial banking laws (MGA),Corporate banking credit operations; Knowledge of CBRC rules; Commercial banking laws (MGA),<groundtruth_gap_source>,,7,bed622c72ddf016b; ce22f37fe7c425ca; fcf035ac6e382ee8; a8c6e3a7760f164b; 2823aca7185a831f; 57c2ac07c9516f35; fff8358069104c3f,Banking Operations; Banking Operations Analysis; Banking Operations Legal Framework; Compliance with Rules and Regulations; Credit Policy Understanding; Banking Law Fundamentals; Financial Institutions Legal Status,Corporate banking credit operations -> bed622c72ddf016b:Banking Operations (0.9225); Knowledge of CBRC rules -> a8c6e3a7760f164b:Compliance with Rules and Regulations (0.8657); Commercial banking laws (MGA) -> fcf035ac6e382ee8:Banking Operations Legal Framework (0.8973),3,LUKD1187; NHTM 1121; NHTM 1111,LUKD1187; KTKI 1116; LUCS1129; LUCS1137; NHTM 1111; NNTM 1150; KTKE1110,Banking Law; Financial Audit Practice; Fundamentals of Law; Law on civil procedures; Commercial Banking 2; English for Banking and Finance – in English; Public Accounting 2,LUKD1187; NHTM 1111,1.0,1.0,1.0,1.0
153,695cc30b1fa95d1eeecca0ce,groundtruth_dataset,3,accessibility; security-by-design principles; Fluent in English (written and oral),accessibility; security-by-design principles; Fluent in English (written and oral),<groundtruth_gap_source>,,9,edc92882a411041f; fa39adb17cad35e0; 3e8f41784652266b; a2ee80c016423270; c0656a06590b5361; 0bcc7664f42fa9b3; abcdf5e513d4c5b6; 0506d5a94b385354; 1d3f58bad3e7e4dd,"Responsive Web Design; Service Design and Implementation; Finding, processing, and using information appropriately; Application Security Principles; Database Security Principles; Cloud Security Design Patterns; Speaking Ability; Basic English Proficiency; Basic English Communication",accessibility -> edc92882a411041f:Responsive Web Design (0.8215); security-by-design principles -> a2ee80c016423270:Application Security Principles (0.9247); Fluent in English (written and oral) -> abcdf5e513d4c5b6:Speaking Ability (0.8947),4,CNTT1165; NNKC 1131; NNTM1179; NNTM1176,CNTT1199; CNTT1198; TMKT1145; CNTT1152; NNKC 1131; NNTM1159; CNTT1165,Software and Database Security; Cloud Service Security; Business Logistics; Database Management Systems; English 1; Business Communication – in English; Web Design,NNKC 1131; CNTT1165,0.0,0.0,1.0,1.0
155,6965c64eb166038a822e4305,groundtruth_dataset,2,E-learning product knowledge; English proficiency (IELTS 5.5 or equivalent),E-learning product knowledge; English proficiency (IELTS 5.5 or equivalent),<groundtruth_gap_source>,,6,dc2bc70793079463; 47d60d831cff6377; 1ab60e2bbd39e02a; 8b3f82a9920e6969; 31b1877e92748b4a; 0506d5a94b385354,"Online Learning; Listen, understand, record, and follow lectures on similar topics; Self-learning skills for knowledge management; Language Proficiency; Legal English Proficiency; Basic English Proficiency",E-learning product knowledge -> dc2bc70793079463:Online Learning (0.8683); English proficiency (IELTS 5.5 or equivalent) -> 8b3f82a9920e6969:Language Proficiency (0.9069),2,NNTM1176; NNKC 1131,TMKQ1115; MKTT1143; LUCS1136; NNKC1126; NNTV1107; TIHT1122; LUKD1133,English for International Economics and Business; English for Public Relations; Drafting Legal Documents; Second Foreign Language (French 2); Vietnamese in Use; Knowledge Management; Skills on Formulation and Execution of Commercial Contracts,,0.0,0.0,0.0,0.0
156,697b1d2eb166038a822e4d50,groundtruth_dataset,1,Financial Analysis,Financial Analysis,<groundtruth_gap_source>,,3,6a6ebe8510ced07b; 7dab1349ff5de7ba; 2cf83fcbd09ccf46,Financial Analysis; Financial Analysis Methods; Financial Analysis Fundamentals,Financial Analysis -> 6a6ebe8510ced07b:Financial Analysis (1.0000),2,NHTC1108; KTHT1104,NHTC1103; DTKT 1111; TNKT1150; NHTC1108,Quản trị Tài chính trong du lịch và khách sạn; Investment Project Design and Management; Agribusiness Investment Project; Financial Analysis,NHTC1108,0.0,0.0,1.0,1.0
168,695cc6a61fa95d1eeecca0de,groundtruth_dataset,3,JavaScript; C#; Playwright,JavaScript; C#; Playwright,<groundtruth_gap_source>,,9,bee590cd707e7172; 5de4fde34b6cdb3f; ca6980df86daa02e; b27794974a29d825; 4b351a323634f057; 2f84c910ea74ba58; ee0902fbd881250a; d5deacdd34788a54; a5858cfd572ec358,JavaScript Programming; JavaScript Basics; Mastering web application technologies; ADO.NET Programming; Using C# programming language in Visual Studio; Visual Studio; Speech writing; PR writing skills; PR writing process,JavaScript -> bee590cd707e7172:JavaScript Programming (0.9323); C# -> b27794974a29d825:ADO.NET Programming (0.8934); Playwright -> ee0902fbd881250a:Speech writing (0.8402),2,TIHT1113; CNTT1165,MKTT1132; CNTT1133; TIHT1113; CNTT1165; TIKT1129,Writing skills for public relations; Application Programming; Development of Management Applications; Web Design; Electronic Commerce Systems,TIHT1113; CNTT1165,0.0,1.0,1.0,1.0
170,6965cf77b166038a822e4324,groundtruth_dataset,4,Legal consultation; Urban planning knowledge; Feng shui consultation; Real estate investment analysis,Legal consultation; Urban planning knowledge; Feng shui consultation; Real estate investment analysis,<groundtruth_gap_source>,,12,c82ca2cac26dcb03; 38803279f9545a90; 395f0da5c9147848; 64cf84b60c298dd2; 138698b39cc25bbf; ab1d6c6a065c4bc3; 9ac5fe62101447d0; 03c636e78ec15ab6; 3c9d11b7f81cae88; b6ee6a38c2cbc3ee; 4cea2bcf5bd6b1c0; 773ab1e7c991beec,Understanding Legal Consultation Concepts; Specialized Legal Consultation Skills; Legal Research; Urban Structure Planning; Theoretical Foundations of Urban and Regional Planning; Urban Construction Planning; Hotel Project Consultation; Reading architectural drawings; Customs Consultation Skills; Real estate market analysis; Real Estate Investment Theories; Technical analysis of real estate,Legal consultation -> c82ca2cac26dcb03:Understanding Legal Consultation Concepts (0.9256); Urban planning knowledge -> 64cf84b60c298dd2:Urban Structure Planning (0.9433); Feng shui consultation -> 9ac5fe62101447d0:Hotel Project Consultation (0.8383); Real estate investment analysis -> b6ee6a38c2cbc3ee:Real estate market analysis (0.9616),4,LUKD1193; TNBD1115; TNBD1137; MTDT1114,LUKD1193; MTDT1114; TNBD1138; TNBD1102; LUKD1182; TNBD1116; TNBD1136; DLKS1143; LUKD1110; TNBD1104,Legal Consulting Skills; Urban and Regional Planning; Urban and Rural Development Planning; Real Estate Finance and Investment; Viet Nam Customs Law; Real estate Management; Architecture; Hospitality Business Management; Law on Commerce 1; Real estate valuation 1,LUKD1193; MTDT1114,1.0,1.0,1.0,1.0
171,69709a36b166038a822e47dd,groundtruth_dataset,4,credit operations; risk management; appraisal; valuation,credit operations; risk management; appraisal; valuation,<groundtruth_gap_source>,,12,242e9e15af0aa617; d5cb99a045b2a05b; 604921f8deff2742; 47ac95fd8f8738cd; 9b6f3b844eba6df8; d2c60407bbda495f; d6c57f7a6ed5e3ae; c9eaccf864700b30; 1fc67c3010a7acc2; a79cc880c5121118; b2b6e7263f328c13; e679c7f9c59ec13d,Insurance Transactions; Credit Activities; Payment Systems; Risk Management; Risk Management Fundamentals; Risk Management Framework; Financial appraisal in decision-making; Self-assessment; Activity Evaluation; Solution Evaluation; Economic valuation; Financial Evaluation,credit operations -> 242e9e15af0aa617:Insurance Transactions (0.8850); risk management -> 47ac95fd8f8738cd:Risk Management (0.9690); appraisal -> d6c57f7a6ed5e3ae:Financial appraisal in decision-making (0.8647); valuation -> a79cc880c5121118:Solution Evaluation (0.9028),2,TOTC1120; TOTC1121,QTKD1133; BHKT1118; NHHLT1106; NHTC1112; TOTC1120; CNTT1137; BHKT1163; MTKT1104; TOCB1110; NNTM1166,Supply Chain Management; Insurance Principles; Ngân hàng Trung ương; Financial appraisal of investment projects; Quantitative risk management 1; Business Analysis; Risk Management in Insurance; Environmental economics and management; Mathematics for Economics; English – Reading Skills 4,TOTC1120,0.0,0.0,1.0,1.0
177,69709c09b166038a822e47e2,groundtruth_dataset,2,contracts negotiation; product promotion,contracts negotiation; product promotion,<groundtruth_gap_source>,,6,877cfa501371fa38; 6ecd2b8db8f7ee36; ac2dcf5e7671ab0d; ecc3a1999012b6fe; 0d2c92f3b31376cc; 72ced804799ffc30,Negotiation skills for contracts; Building Contracts; Contract Understanding; Sales Promotion Campaign Creation; Sales Promotion Implementation; Sales Promotion Terminology,contracts negotiation -> 877cfa501371fa38:Negotiation skills for contracts (0.9368); product promotion -> ecc3a1999012b6fe:Sales Promotion Campaign Creation (0.9234),2,DTKT1164; MKTT1145,MKTT1145; TNBD1135; DTKT1164,Sales Promotion; Real Estate Business 2; Contract Management,MKTT1145; DTKT1164,1.0,1.0,1.0,1.0
180,695cc6a61fa95d1eeecca0e0,groundtruth_dataset,3,MongoDB; Kubernetes; GO,MongoDB; Kubernetes; GO,<groundtruth_gap_source>,,9,cb62eba40b93615e; b53b7753437c5fbf; 4611994bd0ab71de; cc975e69d79a6f6f; 81121f330a983b7f; a468720e1a5dc0cb; 454349e422f05297; 11a4a60b518bf249; bee590cd707e7172,Designing applications with MongoDB; Using other NoSQL databases; MySQL Database Management System; Cloud Concepts; Cloud computing; Cloud Service Analysis; R; Python; JavaScript Programming,MongoDB -> cb62eba40b93615e:Designing applications with MongoDB (0.9266); Kubernetes -> cc975e69d79a6f6f:Cloud Concepts (0.8492); GO -> 454349e422f05297:R (0.8351),2,CNTT1175; CNTT1167,CNTT1175; CNTT1167; CNTT11105; CNTT1186; TIKT1135; TOTC1108; CNTT1165,Unstructured database; Cloud Computing; Cryptography and Information Security; Advanced Technologies in Information and Communication Technology; Development of Open Source Software and Applications; The models for analyzing and evaluating the financial assets 1; Web Design,CNTT1175; CNTT1167,1.0,1.0,1.0,1.0
181,69709c4eb166038a822e47e6,groundtruth_dataset,2,Logistics; Fulfillment services,Logistics; Fulfillment services,<groundtruth_gap_source>,,6,539bfd01324a5c98; 0137155e28826ce6; 5961a181bea2bb85; bf524fa43e27c8c9; 459e6de803b335ce; c6e4eaf6a7584088,Logistics Planning; Logistics Organization and Control; Logistics Analysis; Warehouse Management; Understanding logistics management tasks; Service Integration,Logistics -> 539bfd01324a5c98:Logistics Planning (0.9636); Fulfillment services -> bf524fa43e27c8c9:Warehouse Management (0.8933),3,TMKT1140; TMKT1145; TMKT1136,TMKT1151; TMKT1125; TMKT1145; MKMA1107,Logistics Planning and Control Systems; Principles of Logistics Management; Business Logistics; Services Marketing,TMKT1145,0.0,1.0,1.0,1.0
188,6952ad90b27a39886f08b059,groundtruth_dataset,2,Financial Analysis; Corporate accounting regulations,Financial Analysis; Corporate accounting regulations,<groundtruth_gap_source>,,6,6a6ebe8510ced07b; 7dab1349ff5de7ba; 2cf83fcbd09ccf46; 5ee63938affd3443; 0c33718e133ecfbd; 1b06f9717d6f60cf,Financial Analysis; Financial Analysis Methods; Financial Analysis Fundamentals; Corporate Regulations; Accounting Practices; Recognizing and applying generally accepted accounting principles (GAAP),Financial Analysis -> 6a6ebe8510ced07b:Financial Analysis (1.0000); Corporate accounting regulations -> 5ee63938affd3443:Corporate Regulations (0.8953),2,KHMA1125; LUKD1185,NHTC1103; LUKD1185; TMKT1141; KTKE1101; NHTC1108; DTKT 1111; TNKT1150,Quản trị Tài chính trong du lịch và khách sạn; Economic Law; Commercial Enterprise Management; Accounting Principles; Financial Analysis; Investment Project Design and Management; Agribusiness Investment Project,LUKD1185,0.0,1.0,1.0,1.0
195,697b1e91b166038a822e4d59,groundtruth_dataset,1,international payment methods,international payment methods,<groundtruth_gap_source>,,3,157c069f3ff234e1; c8240e1dc1cc211c; 88c114efcce87a55,International Payment Methods; Understanding international payment system; International Payment Instruments,international payment methods -> 157c069f3ff234e1:International Payment Methods (0.9819),1,NHQT1118,NHQT1118; NHQT1112,Payment and Credit in International Trade; International Payments,NHQT1118,1.0,1.0,1.0,1.0
197,6966a59eb166038a822e43ce,groundtruth_dataset,4,TikTok marketing; YouTube marketing; Technical analysis (TA); Financial analysis (FA),TikTok marketing; YouTube marketing; Technical analysis (TA); Financial analysis (FA),<groundtruth_gap_source>,,11,b798fae548740109; e789ef7ccb16723c; df20873c4b4d8cde; c280c1a79c57c35b; f5ad773d7e6c4f03; d4f3369453884786; 14043e42b8a18453; 773ab1e7c991beec; 6a6ebe8510ced07b; 7dab1349ff5de7ba; 2cf83fcbd09ccf46,Marketing Strategy; Marketing Channels; Marketing Strategies; Website and Social Media Management; Social media writing; Technical Analysis; Financial Market Analysis; Technical analysis of real estate; Financial Analysis; Financial Analysis Methods; Financial Analysis Fundamentals,TikTok marketing -> b798fae548740109:Marketing Strategy (0.8687); YouTube marketing -> c280c1a79c57c35b:Website and Social Media Management (0.8743); Technical analysis (TA) -> d4f3369453884786:Technical Analysis (0.9681); Financial analysis (FA) -> 6a6ebe8510ced07b:Financial Analysis (0.9426),3,TOTC1109; TIKT1132; MKBH1116,MKMA1112; NHTC1103; MKMA1164; MKTT1132; TOTC1109; TNBD1116; NHLT1104; NHLT1101; DLKS1131; NHTC1108,English for Marketing; Quản trị Tài chính trong du lịch và khách sạn; Product Management; Writing skills for public relations; The models for analyzing and evaluating the financial assets 2; Real estate Management; Essay on Monetary and Financial Theories; Monetary and Financial Theories 1; E-Tourism Business; Financial Analysis,TOTC1109,0.0,0.0,1.0,1.0
198,6970a53db166038a822e47f9,groundtruth_dataset,3,Real Estate Law; Labor Law; English proficiency,Real Estate Law; Labor Law; English proficiency,<groundtruth_gap_source>,,9,a3bca6e4b587f190; dbe4e6faa4df1d4c; a57599388c197994; c0b8dd63f02b15ff; 3e5cc34fe2a05213; aaa7d9a7ef82bb09; 8b3f82a9920e6969; 7f34693ff0d88209; 31b1877e92748b4a,Legal Procedures in Real Estate Development; Real Estate Terminology; Legal Compliance in Real Estate Business; Labor Relations; Labor Organization; Labour Standards; Language Proficiency; Speaking Proficiency; Legal English Proficiency,Real Estate Law -> a3bca6e4b587f190:Legal Procedures in Real Estate Development (0.9323); Labor Law -> c0b8dd63f02b15ff:Labor Relations (0.9599); English proficiency -> 8b3f82a9920e6969:Language Proficiency (0.9468),2,TNBD1133; LUKD1108,NLQT1116; TNBD1137; TMKQ1115; MKTT1143; LUCS1136; LUKD1133; TNKT1147; NNTM1178; NNTM1177; NNTM1176,Labour Organization and Standardization 2; Real Estate Development; English for International Economics and Business; English for Public Relations; Drafting Legal Documents; Skills on Formulation and Execution of Commercial Contracts; Ethics and Responsibility in Agricultural Business; English – Listening and Speaking skills 3; English – Listening and Speaking skills 2; English – Listening and Speaking skills 1,,0.0,0.0,0.0,0.0
201,697b1f1eb166038a822e4d5a,groundtruth_dataset,2,CAD/CAM software; cloud computing,CAD/CAM software; cloud computing,<groundtruth_gap_source>,,6,00c4a70843ae0138; 85c9a751575d8584; 55ee408c324c56a0; 81121f330a983b7f; b160bc1ca65d65b1; a468720e1a5dc0cb,Using software to manage projects; Practical Use of Specialized Software; Urban and Regional Planning Software; Cloud computing; Cloud Computing Fundamentals; Cloud Service Analysis,CAD/CAM software -> 00c4a70843ae0138:Using software to manage projects (0.8557); cloud computing -> 81121f330a983b7f:Cloud computing (0.9896),1,CNTT1167,DTKT1157; TOkt1110; CNTT1186; MTDT1114; CNTT1167; CNTT1198,Microsoft Project; Mathematical Statistics; Advanced Technologies in Information and Communication Technology; Urban and Regional Planning; Cloud Computing; Cloud Service Security,CNTT1167,0.0,0.0,1.0,1.0
208,695cc87c1fa95d1eeecca0e3,groundtruth_dataset,4,Kubernetes; AWS; GCP; GOC,Kubernetes; AWS; GCP; GOC,<groundtruth_gap_source>,,8,cc975e69d79a6f6f; 81121f330a983b7f; a468720e1a5dc0cb; b160bc1ca65d65b1; 70f0d3e18d498cc9; 454349e422f05297; d88eb39df7251637; b7a4d0e6da807c5b,Cloud Concepts; Cloud computing; Cloud Service Analysis; Cloud Computing Fundamentals; Google Colab; R; Building Tour Explanations; General Management Knowledge,Kubernetes -> cc975e69d79a6f6f:Cloud Concepts (0.8492); AWS -> 81121f330a983b7f:Cloud computing (0.8744); GCP -> cc975e69d79a6f6f:Cloud Concepts (0.8816); GOC -> 454349e422f05297:R (0.8435),2,CNTT1167; CNTT1186,CNTT1167; CNTT1186; DLKS1110; CNTT1180; DLLH1152; TOTC1108; CNTT1198,Cloud Computing; Advanced Technologies in Information and Communication Technology; MICE MANAGEMENT; Python Programming; Operation of Travel Services 1; The models for analyzing and evaluating the financial assets 1; Cloud Service Security,CNTT1167; CNTT1186,1.0,1.0,1.0,1.0
219,6966aa84b166038a822e43f3,groundtruth_dataset,3,Zalo Ads; AI; chatbots,Zalo Ads; AI; chatbots,<groundtruth_gap_source>,,9,cf74ce0e22303913; ecc3a1999012b6fe; f9e690cab2d069e1; 803b3eb2b6af0271; 338c268cf390197e; 50779cd6819806ac; 783151d02d534da6; 0b205cfba1befb3b; d7a0db78b674962b,Advertising Campaign Management; Sales Promotion Campaign Creation; Advertising Fundamentals; Artificial intelligence; Artificial Intelligence Overview; Research and develop AI applications; Communication Skills Application; Customer Concept Comprehension; Text Creation,Zalo Ads -> cf74ce0e22303913:Advertising Campaign Management (0.8662); AI -> 803b3eb2b6af0271:Artificial intelligence (0.9565); chatbots -> 783151d02d534da6:Communication Skills Application (0.8638),2,TIHT1123; CNTT1140,MKTT1112; CNTT1186; MKBH1108; NLQT1106; MKTT1145; CNTT1140; MKTT1148; DLKS1113; TIHT1123,Advertising Management; Advanced Technologies in Information and Communication Technology; Quản trị kênh phân phối; English for Human Resource Management; Sales Promotion; Artificial Intelligence; Creative Strategy in Communication; Restaurant Business Management; Application of Artificial Intelligence in Business and Management,CNTT1140; TIHT1123,0.0,0.0,0.0,1.0
