pair_id,jd_id,rank,course_id,course_title,score,is_relevant
0,695cb6e11fa95d1eeecca0b2,1,TKKT1134,Data Analysis 2,0.5468659400939941,False
0,695cb6e11fa95d1eeecca0b2,2,NNTM1107,Translation 1,0.47128400206565857,False
0,695cb6e11fa95d1eeecca0b2,3,CNTT1175,Unstructured database,0.44909876585006714,False
0,695cb6e11fa95d1eeecca0b2,4,CNTT1187,Data Analysis Programming,0.44610583782196045,False
0,695cb6e11fa95d1eeecca0b2,5,TIKT1130,Database,0.44566887617111206,False
0,695cb6e11fa95d1eeecca0b2,6,TIKT1130,Database,0.4353580176830292,False
0,695cb6e11fa95d1eeecca0b2,7,DTKT1149,Chuyên đề Tin học quản lý đầu tư,0.42485401034355164,False
0,695cb6e11fa95d1eeecca0b2,8,TIKT1124,Database Application,0.4162498116493225,False
0,695cb6e11fa95d1eeecca0b2,9,NNTM1163,Translation 3,0.4157246947288513,False
0,695cb6e11fa95d1eeecca0b2,10,TOKT1149,Data Driven Marketing,0.41400018334388733,False
1,694a8c5247743a24b54ffb04,1,TKKT1134,Data Analysis 2,0.5937150120735168,False
1,694a8c5247743a24b54ffb04,2,NNTM1107,Translation 1,0.590606689453125,False
1,694a8c5247743a24b54ffb04,3,NNTM1163,Translation 3,0.5535171627998352,False
1,694a8c5247743a24b54ffb04,4,TOKT1149,Data Driven Marketing,0.49029281735420227,False
1,694a8c5247743a24b54ffb04,5,DTKT1149,Chuyên đề Tin học quản lý đầu tư,0.46832191944122314,False
1,694a8c5247743a24b54ffb04,6,NNTM1164,Interpretation 3,0.43302780389785767,False
1,694a8c5247743a24b54ffb04,7,TIHT1123,Application of Artificial Intelligence in Business and Management,0.4280965030193329,True
1,694a8c5247743a24b54ffb04,8,QTCL1111,Business Process Management,0.4206351935863495,False
1,694a8c5247743a24b54ffb04,9,NNKC 1131,English 1,0.41513529419898987,False
1,694a8c5247743a24b54ffb04,10,CNTT1140,Artificial Intelligence,0.40594053268432617,True
2,696ee8cab166038a822e471f,1,TKKT1134,Data Analysis 2,0.5418089032173157,False
2,696ee8cab166038a822e471f,2,CNTT1167,Cloud Computing,0.5169272422790527,True
2,696ee8cab166038a822e471f,3,CNTT1198,Cloud Service Security,0.44711416959762573,False
2,696ee8cab166038a822e471f,4,TOKT1149,Data Driven Marketing,0.4429718852043152,False
2,696ee8cab166038a822e471f,5,DTKT1149,Chuyên đề Tin học quản lý đầu tư,0.43677374720573425,False
2,696ee8cab166038a822e471f,6,NNTM1107,Translation 1,0.43426573276519775,False
2,696ee8cab166038a822e471f,7,CNTT1175,Unstructured database,0.4278133511543274,False
2,696ee8cab166038a822e471f,8,CNTT1187,Data Analysis Programming,0.42249593138694763,False
2,696ee8cab166038a822e471f,9,NNTM1163,Translation 3,0.41335752606391907,False
2,696ee8cab166038a822e471f,10,CNTT1181,Knowledge Discovery in Database,0.41037485003471375,False
4,695cb6e11fa95d1eeecca0b3,1,TKKT1134,Data Analysis 2,0.481895387172699,False
4,695cb6e11fa95d1eeecca0b3,2,NNTM1107,Translation 1,0.4675619602203369,False
4,695cb6e11fa95d1eeecca0b3,3,CNTT1167,Cloud Computing,0.45204228162765503,True
4,695cb6e11fa95d1eeecca0b3,4,CNTT1198,Cloud Service Security,0.43218499422073364,True
4,695cb6e11fa95d1eeecca0b3,5,NNTM1163,Translation 3,0.42160528898239136,False
4,695cb6e11fa95d1eeecca0b3,6,DTKT1149,Chuyên đề Tin học quản lý đầu tư,0.3791879415512085,False
4,695cb6e11fa95d1eeecca0b3,7,CNTT1186,Advanced Technologies in Information and Communication Technology,0.35853642225265503,False
4,695cb6e11fa95d1eeecca0b3,8,TOKT1149,Data Driven Marketing,0.34930184483528137,False
4,695cb6e11fa95d1eeecca0b3,9,CNTT1199,Software and Database Security,0.3469306230545044,False
4,695cb6e11fa95d1eeecca0b3,10,MKTT1140,Crisis Management,0.34388241171836853,False
7,6961e074b166038a822e41c9,1,TKKT1134,Data Analysis 2,0.4834253787994385,False
7,6961e074b166038a822e41c9,2,CNTT1121,Network Management,0.48181384801864624,True
7,6961e074b166038a822e41c9,3,CNTT1145,Virtualization Technologies,0.4771064817905426,True
7,6961e074b166038a822e41c9,4,NNTM1107,Translation 1,0.4240526258945465,False
7,6961e074b166038a822e41c9,5,TIKT1109,Basic Informatics,0.4167504906654358,False
7,6961e074b166038a822e41c9,6,CNTT11102,Vulnerability Assessment and Penetration Testing,0.39674732089042664,False
7,6961e074b166038a822e41c9,7,CNTT1197,Cybersecurity,0.39449992775917053,False
7,6961e074b166038a822e41c9,8,CNTT1167,Cloud Computing,0.39413154125213623,False
7,6961e074b166038a822e41c9,9,DTKT1149,Chuyên đề Tin học quản lý đầu tư,0.392969012260437,False
7,6961e074b166038a822e41c9,10,CNTT1168,An toàn và bảo mật thông tin,0.39270761609077454,False
9,697a65cfb166038a822e4d2c,1,TKKT1134,Data Analysis 2,0.5387318730354309,False
9,697a65cfb166038a822e4d2c,2,TOKT1149,Data Driven Marketing,0.5192502737045288,False
9,697a65cfb166038a822e4d2c,3,NNTM1107,Translation 1,0.4965840280056,False
9,697a65cfb166038a822e4d2c,4,CNTT1187,Data Analysis Programming,0.48501718044281006,False
9,697a65cfb166038a822e4d2c,5,NNTM1163,Translation 3,0.4716298580169678,False
9,697a65cfb166038a822e4d2c,6,DTKT1149,Chuyên đề Tin học quản lý đầu tư,0.468040406703949,False
9,697a65cfb166038a822e4d2c,7,CNTT1175,Unstructured database,0.4631165862083435,False
9,697a65cfb166038a822e4d2c,8,CNTT1119,Website Design and Programming,0.4383184313774109,False
9,697a65cfb166038a822e4d2c,9,TIKT1130,Database,0.4306451082229614,True
9,697a65cfb166038a822e4d2c,10,TIKT1135,Development of Open Source Software and Applications,0.4236704111099243,False
12,694a8c5247743a24b54ffb03,1,TKKT1134,Data Analysis 2,0.5063784718513489,False
12,694a8c5247743a24b54ffb03,2,NNTM1107,Translation 1,0.43984055519104004,False
12,694a8c5247743a24b54ffb03,3,CNTT1167,Cloud Computing,0.42708611488342285,True
12,694a8c5247743a24b54ffb03,4,NNTM1163,Translation 3,0.3807918131351471,False
12,694a8c5247743a24b54ffb03,5,DTKT1149,Chuyên đề Tin học quản lý đầu tư,0.3755406141281128,False
12,694a8c5247743a24b54ffb03,6,TOKT1149,Data Driven Marketing,0.36531388759613037,False
12,694a8c5247743a24b54ffb03,7,TMKT1136,E-Logistics,0.35256409645080566,False
12,694a8c5247743a24b54ffb03,8,TIKT1129,Electronic Commerce Systems,0.35162240266799927,False
12,694a8c5247743a24b54ffb03,9,CNTT1198,Cloud Service Security,0.35074424743652344,True
12,694a8c5247743a24b54ffb03,10,TIKT1129,Electronic Commerce Systems,0.350391685962677,False
14,6961e0b5b166038a822e41cb,1,NNTM1168,English-Speaking skills 4,0.5943892002105713,False
14,6961e0b5b166038a822e41cb,2,TKKT1134,Data Analysis 2,0.5758334398269653,False
14,6961e0b5b166038a822e41cb,3,NHCK1106,Securities Analysis and Investment,0.5754433274269104,False
14,6961e0b5b166038a822e41cb,4,KTQT1107,Business Analysis,0.5738154053688049,False
14,6961e0b5b166038a822e41cb,5,QTKD1130,Managerial Skills,0.5617325901985168,False
14,6961e0b5b166038a822e41cb,6,NNTM1169,English - Writing Skills 4,0.5606613755226135,False
14,6961e0b5b166038a822e41cb,7,CNTT1118,Algorithm Analysis and Design,0.5547804236412048,False
14,6961e0b5b166038a822e41cb,8,MKBH1110,Selling Skills,0.5535542964935303,False
14,6961e0b5b166038a822e41cb,9,NNTM1164,Interpretation 3,0.5488314628601074,False
14,6961e0b5b166038a822e41cb,10,NNTM1151,Integrated skills - English for economics and business 1,0.5467095971107483,False
17,6961d9bbb166038a822e41b1,1,DTKT1149,Chuyên đề Tin học quản lý đầu tư,0.5666010975837708,False
17,6961d9bbb166038a822e41b1,2,TKKT1134,Data Analysis 2,0.5462220907211304,False
17,6961d9bbb166038a822e41b1,3,NNTM1107,Translation 1,0.5233927369117737,False
17,6961d9bbb166038a822e41b1,4,TIHT1119,Computer-based Accounting,0.49918946623802185,False
17,6961d9bbb166038a822e41b1,5,KTHT1101,Accounting Information Systems 1,0.4803784489631653,False
17,6961d9bbb166038a822e41b1,6,KTHT1101,Accounting Information Systems 1,0.4664979577064514,False
17,6961d9bbb166038a822e41b1,7,TOKT1149,Data Driven Marketing,0.4583667516708374,False
17,6961d9bbb166038a822e41b1,8,NNTM1163,Translation 3,0.4580807089805603,False
17,6961d9bbb166038a822e41b1,9,TIKT1117,Accounting Informatics,0.45561981201171875,False
17,6961d9bbb166038a822e41b1,10,KTKE1103,Public Accounting,0.4547328054904938,False
21,6961e10bb166038a822e41d0,1,TKKT1134,Data Analysis 2,0.6415688395500183,False
21,6961e10bb166038a822e41d0,2,NNTM1107,Translation 1,0.6269229054450989,False
21,6961e10bb166038a822e41d0,3,NHTM 1111,Commercial Banking 2,0.5853943824768066,True
21,6961e10bb166038a822e41d0,4,NNTM1163,Translation 3,0.5421174764633179,False
21,6961e10bb166038a822e41d0,5,NHTM 1121,Commercial Banking,0.5265140533447266,True
21,6961e10bb166038a822e41d0,6,NHTM 1102,Commercial Banking 1,0.5107945203781128,False
21,6961e10bb166038a822e41d0,7,NHHLT1106,Ngân hàng Trung ương,0.50910484790802,False
21,6961e10bb166038a822e41d0,8,TOKT1149,Data Driven Marketing,0.503932535648346,False
21,6961e10bb166038a822e41d0,9,NNTM 1150,English for Banking and Finance – in English,0.49568331241607666,False
21,6961e10bb166038a822e41d0,10,DTKT1149,Chuyên đề Tin học quản lý đầu tư,0.48807841539382935,False
23,694a8e0847743a24b54ffb0a,1,NNTM1107,Translation 1,0.48255082964897156,False
23,694a8e0847743a24b54ffb0a,2,TKKT1134,Data Analysis 2,0.4199673533439636,False
23,694a8e0847743a24b54ffb0a,3,NNTM1163,Translation 3,0.4018329977989197,False
23,694a8e0847743a24b54ffb0a,4,DTKT1149,Chuyên đề Tin học quản lý đầu tư,0.3492307662963867,False
23,694a8e0847743a24b54ffb0a,5,CNTT1119,Website Design and Programming,0.3378413915634155,False
23,694a8e0847743a24b54ffb0a,6,TOKT1149,Data Driven Marketing,0.3339870572090149,False
23,694a8e0847743a24b54ffb0a,7,CNTT1130,.Net Programming,0.33100640773773193,False
23,694a8e0847743a24b54ffb0a,8,TIKT1129,Electronic Commerce Systems,0.32050952315330505,False
23,694a8e0847743a24b54ffb0a,9,TIHT1113,Development of Management Applications,0.3164665102958679,True
23,694a8e0847743a24b54ffb0a,10,TIKT1129,Electronic Commerce Systems,0.31355762481689453,False
30,694a8e9e47743a24b54ffb0b,1,TKKT1134,Data Analysis 2,0.5132321715354919,False
30,694a8e9e47743a24b54ffb0b,2,NNTM1107,Translation 1,0.47207126021385193,False
30,694a8e9e47743a24b54ffb0b,3,CNTT1167,Cloud Computing,0.4597235918045044,True
30,694a8e9e47743a24b54ffb0b,4,CNTT1198,Cloud Service Security,0.3980831503868103,True
30,694a8e9e47743a24b54ffb0b,5,DTKT1149,Chuyên đề Tin học quản lý đầu tư,0.3882899582386017,False
30,694a8e9e47743a24b54ffb0b,6,TOKT1149,Data Driven Marketing,0.3801546096801758,False
30,694a8e9e47743a24b54ffb0b,7,NNTM1163,Translation 3,0.37700098752975464,False
30,694a8e9e47743a24b54ffb0b,8,TIKT1129,Electronic Commerce Systems,0.35099348425865173,False
30,694a8e9e47743a24b54ffb0b,9,CNTT1186,Advanced Technologies in Information and Communication Technology,0.34774380922317505,False
30,694a8e9e47743a24b54ffb0b,10,TIKT1129,Electronic Commerce Systems,0.33853912353515625,False
31,697b1754b166038a822e4d36,1,TNBD1135,Real Estate Business 2,0.5956858396530151,False
31,697b1754b166038a822e4d36,2,TNBD1133,English for Real Estate,0.5634341239929199,False
31,697b1754b166038a822e4d36,3,TNBD1137,Real Estate Development,0.5428166389465332,True
31,697b1754b166038a822e4d36,4,TNBD1113,Real Estate Business 1,0.5388357639312744,False
31,697b1754b166038a822e4d36,5,TNBD1115,Real Estate Brokerage,0.5235056281089783,True
31,697b1754b166038a822e4d36,6,TNBD1116,Real estate Management,0.5163636207580566,True
31,697b1754b166038a822e4d36,7,TNBD1109,Real Estate Market,0.5033695697784424,False
31,697b1754b166038a822e4d36,8,DTKT1149,Chuyên đề Tin học quản lý đầu tư,0.49995526671409607,False
31,697b1754b166038a822e4d36,9,MTDT1123,Urban Housing Economics and Management,0.49121323227882385,False
31,697b1754b166038a822e4d36,10,DTKT1164,Contract Management,0.4906299114227295,False
35,694a8e9e47743a24b54ffb0d,1,CNTT1198,Cloud Service Security,0.6029049754142761,True
35,694a8e9e47743a24b54ffb0d,2,CNTT1168,An toàn và bảo mật thông tin,0.5020143389701843,True
35,694a8e9e47743a24b54ffb0d,3,KTHT1105,Kiểm soát nội bộ,0.4684180021286011,False
35,694a8e9e47743a24b54ffb0d,4,KTHT 1102,Accounting Information Systems 2,0.467815101146698,False
35,694a8e9e47743a24b54ffb0d,5,TIKT1109,Basic Informatics,0.4646906852722168,False
35,694a8e9e47743a24b54ffb0d,6,CNTT1167,Cloud Computing,0.4579213261604309,False
35,694a8e9e47743a24b54ffb0d,7,CNTT1199,Software and Database Security,0.45475155115127563,True
35,694a8e9e47743a24b54ffb0d,8,KTHT1105,Kiểm soát nội bộ,0.4345686435699463,False
35,694a8e9e47743a24b54ffb0d,9,KTHT 1102,Accounting Information Systems 2,0.4325694441795349,False
35,694a8e9e47743a24b54ffb0d,10,KTKI 1101,Principles of Auditing,0.4218066334724426,False
37,695cba711fa95d1eeecca0b9,1,TKKT1134,Data Analysis 2,0.4895220994949341,False
37,695cba711fa95d1eeecca0b9,2,NNTM1107,Translation 1,0.4841954708099365,False
37,695cba711fa95d1eeecca0b9,3,TOKT1149,Data Driven Marketing,0.48203378915786743,False
37,695cba711fa95d1eeecca0b9,4,NNTM1163,Translation 3,0.43638259172439575,False
37,695cba711fa95d1eeecca0b9,5,DTKT1149,Chuyên đề Tin học quản lý đầu tư,0.4145960509777069,False
37,695cba711fa95d1eeecca0b9,6,CNTT1175,Unstructured database,0.3938246965408325,False
37,695cba711fa95d1eeecca0b9,7,TIKT1130,Database,0.38203704357147217,False
37,695cba711fa95d1eeecca0b9,8,CNTT1167,Cloud Computing,0.38048863410949707,True
37,695cba711fa95d1eeecca0b9,9,TIKT1129,Electronic Commerce Systems,0.37999916076660156,False
37,695cba711fa95d1eeecca0b9,10,CNTT1119,Website Design and Programming,0.3789134621620178,False
38,696f058ab166038a822e4742,1,KTQT1103,Managerial Accounting 1,0.6469421982765198,False
38,696f058ab166038a822e4742,2,KTQT1103,Managerial Accounting 1,0.6401125192642212,False
38,696f058ab166038a822e4742,3,KTQT1106,Managerial Accounting 2,0.6334484815597534,False
38,696f058ab166038a822e4742,4,KTQT1106,Managerial Accounting 2,0.6305791139602661,False
38,696f058ab166038a822e4742,5,NHTC1103,Quản trị Tài chính trong du lịch và khách sạn,0.612702488899231,False
38,696f058ab166038a822e4742,6,NHTC1108,Financial Analysis,0.5777587294578552,False
38,696f058ab166038a822e4742,7,DTKT1149,Chuyên đề Tin học quản lý đầu tư,0.5650235414505005,False
38,696f058ab166038a822e4742,8,KTKE1103,Public Accounting,0.5644384622573853,False
38,696f058ab166038a822e4742,9,NHTC1120,Corporate Finance,0.559612512588501,False
38,696f058ab166038a822e4742,10,NHLT1101,Monetary and Financial Theories 1,0.558030903339386,False
39,695cbba01fa95d1eeecca0bb,1,TKKT1134,Data Analysis 2,0.6326318979263306,False
39,695cbba01fa95d1eeecca0bb,2,NNTM1107,Translation 1,0.5801480412483215,False
39,695cbba01fa95d1eeecca0bb,3,NNTM1163,Translation 3,0.5373460054397583,False
39,695cbba01fa95d1eeecca0bb,4,TOKT1149,Data Driven Marketing,0.516609787940979,False
39,695cbba01fa95d1eeecca0bb,5,DTKT1149,Chuyên đề Tin học quản lý đầu tư,0.4819919466972351,False
39,695cbba01fa95d1eeecca0bb,6,CNTT1187,Data Analysis Programming,0.4415437579154968,False
39,695cbba01fa95d1eeecca0bb,7,CNTT1186,Advanced Technologies in Information and Communication Technology,0.42603328824043274,False
39,695cbba01fa95d1eeecca0bb,8,CNTT1167,Cloud Computing,0.42340409755706787,True
39,695cbba01fa95d1eeecca0bb,9,TIHT1123,Application of Artificial Intelligence in Business and Management,0.42061999440193176,False
39,695cbba01fa95d1eeecca0bb,10,TIKT1122,Business Intelligence,0.420598566532135,False
49,695cbc321fa95d1eeecca0bd,1,TKKT1134,Data Analysis 2,0.5103031396865845,False
49,695cbc321fa95d1eeecca0bd,2,CNTT1167,Cloud Computing,0.45202600955963135,True
49,695cbc321fa95d1eeecca0bd,3,NNTM1107,Translation 1,0.4467524588108063,False
49,695cbc321fa95d1eeecca0bd,4,CNTT1198,Cloud Service Security,0.39774519205093384,False
49,695cbc321fa95d1eeecca0bd,5,TOKT1149,Data Driven Marketing,0.39749613404273987,False
49,695cbc321fa95d1eeecca0bd,6,DTKT1149,Chuyên đề Tin học quản lý đầu tư,0.39051681756973267,False
49,695cbc321fa95d1eeecca0bd,7,NNTM1163,Translation 3,0.37163853645324707,False
49,695cbc321fa95d1eeecca0bd,8,CNTT1175,Unstructured database,0.3569154739379883,False
49,695cbc321fa95d1eeecca0bd,9,TIKT1135,Development of Open Source Software and Applications,0.34676802158355713,False
49,695cbc321fa95d1eeecca0bd,10,CNTT1186,Advanced Technologies in Information and Communication Technology,0.342041552066803,False
52,694a90f547743a24b54ffb12,1,TOKT1149,Data Driven Marketing,0.6039435267448425,False
52,694a90f547743a24b54ffb12,2,MKBH1116,Digital Marketing,0.538722038269043,True
52,694a90f547743a24b54ffb12,3,TIKT1132,Online Marketing,0.5382347106933594,False
52,694a90f547743a24b54ffb12,4,NNTM1163,Translation 3,0.5240820050239563,False
52,694a90f547743a24b54ffb12,5,NNTM1107,Translation 1,0.5043442249298096,False
52,694a90f547743a24b54ffb12,6,TKKT1134,Data Analysis 2,0.5012734532356262,False
52,694a90f547743a24b54ffb12,7,DTKT1149,Chuyên đề Tin học quản lý đầu tư,0.4917798936367035,False
52,694a90f547743a24b54ffb12,8,CNTT1119,Website Design and Programming,0.47528350353240967,False
52,694a90f547743a24b54ffb12,9,MKTT1102,Integrated Marketing Communications,0.4672957956790924,False
52,694a90f547743a24b54ffb12,10,MKTT1110,Advertising agency management,0.464874804019928,False
55,695cbcbd1fa95d1eeecca0be,1,TKKT1134,Data Analysis 2,0.5195624828338623,False
55,695cbcbd1fa95d1eeecca0be,2,CNTT1175,Unstructured database,0.49846428632736206,False
55,695cbcbd1fa95d1eeecca0be,3,NNTM1107,Translation 1,0.4197803735733032,False
55,695cbcbd1fa95d1eeecca0be,4,TOKT1149,Data Driven Marketing,0.40475642681121826,False
55,695cbcbd1fa95d1eeecca0be,5,CNTT1167,Cloud Computing,0.39960241317749023,True
55,695cbcbd1fa95d1eeecca0be,6,TIKT1130,Database,0.39018261432647705,True
55,695cbcbd1fa95d1eeecca0be,7,TIKT1130,Database,0.38239699602127075,True
55,695cbcbd1fa95d1eeecca0be,8,CNTT1187,Data Analysis Programming,0.374300479888916,False
55,695cbcbd1fa95d1eeecca0be,9,DTKT1149,Chuyên đề Tin học quản lý đầu tư,0.37387174367904663,False
55,695cbcbd1fa95d1eeecca0be,10,NNTM1163,Translation 3,0.3738694489002228,False
57,696fca2cb166038a822e4750,1,KTQT1106,Managerial Accounting 2,0.5939464569091797,True
57,696fca2cb166038a822e4750,2,KTQT1106,Managerial Accounting 2,0.5873239040374756,True
57,696fca2cb166038a822e4750,3,KTQT1109,Cost Accounting,0.5845245122909546,True
57,696fca2cb166038a822e4750,4,KTQT1109,Cost Accounting,0.5772609710693359,True
57,696fca2cb166038a822e4750,5,KTQT1103,Managerial Accounting 1,0.5620831847190857,True
57,696fca2cb166038a822e4750,6,KTQT1103,Managerial Accounting 1,0.5606864094734192,True
57,696fca2cb166038a822e4750,7,KTHT 1102,Accounting Information Systems 2,0.548155665397644,False
57,696fca2cb166038a822e4750,8,KTHT 1102,Accounting Information Systems 2,0.521544873714447,False
57,696fca2cb166038a822e4750,9,NHTC1103,Quản trị Tài chính trong du lịch và khách sạn,0.5155909061431885,False
57,696fca2cb166038a822e4750,10,QTKD1149,Operations Management 2,0.5140265822410583,False
64,69637f9d57a0f8cfb910e921,1,TKKT1134,Data Analysis 2,0.5404665470123291,False
64,69637f9d57a0f8cfb910e921,2,NNTM1107,Translation 1,0.47386378049850464,False
64,69637f9d57a0f8cfb910e921,3,DTKT1149,Chuyên đề Tin học quản lý đầu tư,0.43500176072120667,False
64,69637f9d57a0f8cfb910e921,4,TOKT1149,Data Driven Marketing,0.4265623390674591,False
64,69637f9d57a0f8cfb910e921,5,CNTT1175,Unstructured database,0.4188825488090515,False
64,69637f9d57a0f8cfb910e921,6,CNTT1167,Cloud Computing,0.4178956151008606,True
64,69637f9d57a0f8cfb910e921,7,NNTM1163,Translation 3,0.415158212184906,False
64,69637f9d57a0f8cfb910e921,8,CNTT1187,Data Analysis Programming,0.4145429730415344,False
64,69637f9d57a0f8cfb910e921,9,TIKT1130,Database,0.41308456659317017,False
64,69637f9d57a0f8cfb910e921,10,TIKT1130,Database,0.40023350715637207,False
66,695cbcbd1fa95d1eeecca0bf,1,TKKT1134,Data Analysis 2,0.5025520324707031,False
66,695cbcbd1fa95d1eeecca0bf,2,CNTT1167,Cloud Computing,0.45090967416763306,True
66,695cbcbd1fa95d1eeecca0bf,3,NNTM1107,Translation 1,0.43479061126708984,False
66,695cbcbd1fa95d1eeecca0bf,4,DTKT1149,Chuyên đề Tin học quản lý đầu tư,0.4041897654533386,False
66,695cbcbd1fa95d1eeecca0bf,5,CNTT1198,Cloud Service Security,0.39702510833740234,False
66,695cbcbd1fa95d1eeecca0bf,6,TOKT1149,Data Driven Marketing,0.3772142827510834,False
66,695cbcbd1fa95d1eeecca0bf,7,NNTM1163,Translation 3,0.3764486312866211,False
66,695cbcbd1fa95d1eeecca0bf,8,KTHT 1102,Accounting Information Systems 2,0.3567000925540924,False
66,695cbcbd1fa95d1eeecca0bf,9,CNTT1187,Data Analysis Programming,0.35472580790519714,False
66,695cbcbd1fa95d1eeecca0bf,10,DLKS1110,MICE MANAGEMENT,0.35162997245788574,False
67,696fcc8eb166038a822e475f,1,CNTT1153,Java Programming,0.5065668821334839,True
67,696fcc8eb166038a822e475f,2,CNTT1112,Computer Architecture,0.4468711018562317,True
67,696fcc8eb166038a822e475f,3,NNTM1107,Translation 1,0.41486048698425293,False
67,696fcc8eb166038a822e475f,4,TKKT1134,Data Analysis 2,0.4016941785812378,False
67,696fcc8eb166038a822e475f,5,CNTT1154,Internet of Things,0.397371768951416,False
67,696fcc8eb166038a822e475f,6,NNTM1163,Translation 3,0.37544864416122437,False
67,696fcc8eb166038a822e475f,7,CNTT1118,Algorithm Analysis and Design,0.36359333992004395,False
67,696fcc8eb166038a822e475f,8,DTKT1149,Chuyên đề Tin học quản lý đầu tư,0.36306101083755493,False
67,696fcc8eb166038a822e475f,9,CNTT1186,Advanced Technologies in Information and Communication Technology,0.3464871346950531,False
67,696fcc8eb166038a822e475f,10,TIHT1105,Advanced Programming,0.34528008103370667,False
68,69637e7057a0f8cfb910e91f,1,TKKT1134,Data Analysis 2,0.5889146327972412,False
68,69637e7057a0f8cfb910e91f,2,NNTM1107,Translation 1,0.5175511837005615,False
68,69637e7057a0f8cfb910e91f,3,TOKT1149,Data Driven Marketing,0.4805918335914612,False
68,69637e7057a0f8cfb910e91f,4,NNTM1163,Translation 3,0.4739016890525818,False
68,69637e7057a0f8cfb910e91f,5,DTKT1149,Chuyên đề Tin học quản lý đầu tư,0.47382378578186035,False
68,69637e7057a0f8cfb910e91f,6,NHTM 1111,Commercial Banking 2,0.4688504934310913,False
68,69637e7057a0f8cfb910e91f,7,NHTM 1121,Commercial Banking,0.45199519395828247,False
68,69637e7057a0f8cfb910e91f,8,CNTT1167,Cloud Computing,0.4502584934234619,True
68,69637e7057a0f8cfb910e91f,9,NHTM 1102,Commercial Banking 1,0.4491853415966034,False
68,69637e7057a0f8cfb910e91f,10,KTHT 1102,Accounting Information Systems 2,0.44090646505355835,False
70,6963803557a0f8cfb910e922,1,CNTT1157,Mobile Applications Development,0.5375734567642212,True
70,6963803557a0f8cfb910e922,2,NNTM1163,Translation 3,0.47347477078437805,False
70,6963803557a0f8cfb910e922,3,NNTM1107,Translation 1,0.4684480130672455,False
70,6963803557a0f8cfb910e922,4,TKKT1134,Data Analysis 2,0.4572736918926239,False
70,6963803557a0f8cfb910e922,5,TOKT1149,Data Driven Marketing,0.44219934940338135,False
70,6963803557a0f8cfb910e922,6,CNTT1153,Java Programming,0.43482184410095215,False
70,6963803557a0f8cfb910e922,7,TIHT1113,Development of Management Applications,0.4161837697029114,False
70,6963803557a0f8cfb910e922,8,DTKT1149,Chuyên đề Tin học quản lý đầu tư,0.4058127701282501,False
70,6963803557a0f8cfb910e922,9,TIKT1134,Web Applications Development,0.4001096487045288,False
70,6963803557a0f8cfb910e922,10,NNTM1108,Translation 2,0.398635596036911,False
71,694a92ab47743a24b54ffb16,1,CNTT1157,Mobile Applications Development,0.46986111998558044,True
71,694a92ab47743a24b54ffb16,2,CNTT1119,Website Design and Programming,0.42205509543418884,False
71,694a92ab47743a24b54ffb16,3,NNTM1107,Translation 1,0.42191556096076965,False
71,694a92ab47743a24b54ffb16,4,TKKT1134,Data Analysis 2,0.40839481353759766,False
71,694a92ab47743a24b54ffb16,5,CNTT1188,Web Programming,0.40523630380630493,False
71,694a92ab47743a24b54ffb16,6,CNTT1153,Java Programming,0.3944647014141083,False
71,694a92ab47743a24b54ffb16,7,NNTM1163,Translation 3,0.3934018313884735,False
71,694a92ab47743a24b54ffb16,8,TOKT1149,Data Driven Marketing,0.39233875274658203,False
71,694a92ab47743a24b54ffb16,9,TIKT1134,Web Applications Development,0.3919469714164734,False
71,694a92ab47743a24b54ffb16,10,CNTT1175,Unstructured database,0.38530659675598145,False
72,6963803557a0f8cfb910e923,1,NNTM1107,Translation 1,0.4769687056541443,False
72,6963803557a0f8cfb910e923,2,TKKT1134,Data Analysis 2,0.4503648281097412,False
72,6963803557a0f8cfb910e923,3,NNTM1163,Translation 3,0.4261465072631836,False
72,6963803557a0f8cfb910e923,4,DTKT1149,Chuyên đề Tin học quản lý đầu tư,0.3757115602493286,False
72,6963803557a0f8cfb910e923,5,TOKT1149,Data Driven Marketing,0.373685747385025,False
72,6963803557a0f8cfb910e923,6,TOkt1110,Mathematical Statistics,0.3635770082473755,False
72,6963803557a0f8cfb910e923,7,CNTT1119,Website Design and Programming,0.36242324113845825,False
72,6963803557a0f8cfb910e923,8,CNTT1178,Software Testing and Quality Assurance,0.3565601110458374,True
72,6963803557a0f8cfb910e923,9,CNTT11102,Vulnerability Assessment and Penetration Testing,0.3563072085380554,False
72,6963803557a0f8cfb910e923,10,CNTT1188,Web Programming,0.35094699263572693,False
73,695cbe731fa95d1eeecca0c2,1,TKKT1134,Data Analysis 2,0.47097039222717285,False
73,695cbe731fa95d1eeecca0c2,2,NNTM1107,Translation 1,0.42712515592575073,False
73,695cbe731fa95d1eeecca0c2,3,TOKT1149,Data Driven Marketing,0.4228290915489197,False
73,695cbe731fa95d1eeecca0c2,4,DTKT1149,Chuyên đề Tin học quản lý đầu tư,0.4039008617401123,False
73,695cbe731fa95d1eeecca0c2,5,TOkt1110,Mathematical Statistics,0.4003012180328369,False
73,695cbe731fa95d1eeecca0c2,6,NNTM1163,Translation 3,0.3855396807193756,False
73,695cbe731fa95d1eeecca0c2,7,CNTT11102,Vulnerability Assessment and Penetration Testing,0.3849426507949829,False
73,695cbe731fa95d1eeecca0c2,8,CNTT1188,Web Programming,0.37571990489959717,True
73,695cbe731fa95d1eeecca0c2,9,CNTT1175,Unstructured database,0.3744049072265625,False
73,695cbe731fa95d1eeecca0c2,10,CNTT1153,Java Programming,0.3722299635410309,False
74,696fd023b166038a822e477f,1,TIHT1119,Computer-based Accounting,0.5576207637786865,True
74,696fd023b166038a822e477f,2,TIKT1117,Accounting Informatics,0.4984138011932373,False
74,696fd023b166038a822e477f,3,NNTM1107,Translation 1,0.48733365535736084,False
74,696fd023b166038a822e477f,4,KTKE1103,Public Accounting,0.4789222478866577,False
74,696fd023b166038a822e477f,5,DTKT1149,Chuyên đề Tin học quản lý đầu tư,0.47272732853889465,False
74,696fd023b166038a822e477f,6,KTHT1101,Accounting Information Systems 1,0.47269773483276367,False
74,696fd023b166038a822e477f,7,KTKE1101,Nguyên lý kế toán,0.46973133087158203,False
74,696fd023b166038a822e477f,8,KTHT1101,Accounting Information Systems 1,0.4622778594493866,False
74,696fd023b166038a822e477f,9,TKKT1134,Data Analysis 2,0.45837071537971497,False
74,696fd023b166038a822e477f,10,KTQT1106,Managerial Accounting 2,0.451656311750412,False
75,697b19e7b166038a822e4d3f,1,TOKT1149,Data Driven Marketing,0.5333757400512695,False
75,697b19e7b166038a822e4d3f,2,MKTT1110,Advertising agency management,0.500141441822052,False
75,697b19e7b166038a822e4d3f,3,MKTT1158,Advertising media planning,0.4941069483757019,False
75,697b19e7b166038a822e4d3f,4,TOkt1104,Mathematical Economic Modeling 1,0.47566282749176025,False
75,697b19e7b166038a822e4d3f,5,NHTC1103,Quản trị Tài chính trong du lịch và khách sạn,0.4754514694213867,False
75,697b19e7b166038a822e4d3f,6,MKTT1102,Integrated Marketing Communications,0.4680829644203186,False
75,697b19e7b166038a822e4d3f,7,KTQT1106,Managerial Accounting 2,0.4654437005519867,False
75,697b19e7b166038a822e4d3f,8,KTQT1106,Managerial Accounting 2,0.46332642436027527,False
75,697b19e7b166038a822e4d3f,9,NHTC1110,Corporate Finance 2,0.45957648754119873,False
75,697b19e7b166038a822e4d3f,10,DTKT1149,Chuyên đề Tin học quản lý đầu tư,0.4543733596801758,False
78,694a933a47743a24b54ffb17,1,TKKT1134,Data Analysis 2,0.4909420609474182,False
78,694a933a47743a24b54ffb17,2,CNTT1167,Cloud Computing,0.4237750470638275,True
78,694a933a47743a24b54ffb17,3,CNTT1175,Unstructured database,0.3987452983856201,False
78,694a933a47743a24b54ffb17,4,NNTM1107,Translation 1,0.37240809202194214,False
78,694a933a47743a24b54ffb17,5,CNTT1190,Service Oriented Software Development,0.3703184425830841,False
78,694a933a47743a24b54ffb17,6,TIKT1135,Development of Open Source Software and Applications,0.3657090365886688,False
78,694a933a47743a24b54ffb17,7,TOKT1149,Data Driven Marketing,0.3571396470069885,False
78,694a933a47743a24b54ffb17,8,CNTT1181,Knowledge Discovery in Database,0.35339707136154175,False
78,694a933a47743a24b54ffb17,9,TIKT1130,Database,0.3511621952056885,False
78,694a933a47743a24b54ffb17,10,CNTT1176,Decision Support System,0.3487350046634674,False
79,696fcd1eb166038a822e4765,1,BHKT1105,Business Insurance 2,0.5201363563537598,False
79,696fcd1eb166038a822e4765,2,BHKT1113,Insurance Business Administration 1,0.5009379982948303,False
79,696fcd1eb166038a822e4765,3,BHKT1118,Insurance Principles,0.4966064691543579,False
79,696fcd1eb166038a822e4765,4,BHKT1166,Introduction to Actuarial,0.49241721630096436,True
79,696fcd1eb166038a822e4765,5,BHKT1121,English for Insurance,0.47931575775146484,False
79,696fcd1eb166038a822e4765,6,BHKT1162,Insurance Risk Analysis,0.464640349149704,False
79,696fcd1eb166038a822e4765,7,BHKT1164,Insurance Adjusting and Claims,0.4638916850090027,False
79,696fcd1eb166038a822e4765,8,BHKT1155,Đầu tư trong bảo hiểm,0.45885342359542847,False
79,696fcd1eb166038a822e4765,9,MKTT1145,Sales Promotion,0.44991767406463623,False
79,696fcd1eb166038a822e4765,10,BHKT1114,Insurance Business Administration 2,0.44661033153533936,False
84,696380c657a0f8cfb910e925,1,NNTM1107,Translation 1,0.4457237422466278,False
84,696380c657a0f8cfb910e925,2,TKKT1134,Data Analysis 2,0.43966251611709595,False
84,696380c657a0f8cfb910e925,3,CNTT1130,.Net Programming,0.38934290409088135,True
84,696380c657a0f8cfb910e925,4,NNTM1163,Translation 3,0.3814202845096588,False
84,696380c657a0f8cfb910e925,5,DTKT1149,Chuyên đề Tin học quản lý đầu tư,0.37030482292175293,False
84,696380c657a0f8cfb910e925,6,CNTT1175,Unstructured database,0.3678954243659973,False
84,696380c657a0f8cfb910e925,7,CNTT1188,Web Programming,0.36071112751960754,True
84,696380c657a0f8cfb910e925,8,CNTT1119,Website Design and Programming,0.34251680970191956,True
84,696380c657a0f8cfb910e925,9,TOKT1149,Data Driven Marketing,0.32184287905693054,False
84,696380c657a0f8cfb910e925,10,CNTT1165,Web Design,0.3125317692756653,False
85,695cbf031fa95d1eeecca0c4,1,NNTM1107,Translation 1,0.5015102624893188,False
85,695cbf031fa95d1eeecca0c4,2,NNTM1163,Translation 3,0.5002177357673645,False
85,695cbf031fa95d1eeecca0c4,3,CNTT1186,Advanced Technologies in Information and Communication Technology,0.47091373801231384,False
85,695cbf031fa95d1eeecca0c4,4,TKKT1134,Data Analysis 2,0.4696670472621918,False
85,695cbf031fa95d1eeecca0c4,5,TOKT1149,Data Driven Marketing,0.4453641474246979,False
85,695cbf031fa95d1eeecca0c4,6,CNTT1140,Artificial Intelligence,0.438912957906723,True
85,695cbf031fa95d1eeecca0c4,7,CNTT1149,Multimedia Technologies,0.42331379652023315,False
85,695cbf031fa95d1eeecca0c4,8,TKkD1127,Phân tích dữ liệu lớn,0.41293254494667053,True
85,695cbf031fa95d1eeecca0c4,9,TIKT1122,Business Intelligence,0.40740087628364563,False
85,695cbf031fa95d1eeecca0c4,10,TIHT1123,Application of Artificial Intelligence in Business and Management,0.4059746563434601,False
87,6963803557a0f8cfb910e924,1,DTKT1149,Chuyên đề Tin học quản lý đầu tư,0.5449185371398926,False
87,6963803557a0f8cfb910e924,2,TKKT1134,Data Analysis 2,0.5243932604789734,False
87,6963803557a0f8cfb910e924,3,NNTM1107,Translation 1,0.5034934282302856,False
87,6963803557a0f8cfb910e924,4,NNTM1163,Translation 3,0.4693485200405121,False
87,6963803557a0f8cfb910e924,5,DTKT1157,Microsoft Project,0.455120325088501,False
87,6963803557a0f8cfb910e924,6,QTKD1118,Project Execution Management,0.4437398910522461,False
87,6963803557a0f8cfb910e924,7,CNTT1159,Information Technology Project Management,0.44038185477256775,False
87,6963803557a0f8cfb910e924,8,KTKI 1105,Management Control,0.43622902035713196,False
87,6963803557a0f8cfb910e924,9,QTCL1104,Quality Management,0.42899906635284424,False
87,6963803557a0f8cfb910e924,10,DTKT1160,Project Quality Management,0.4230049252510071,False
90,696380c657a0f8cfb910e926,1,TKKT1134,Data Analysis 2,0.4512662887573242,False
90,696380c657a0f8cfb910e926,2,NNTM1107,Translation 1,0.4508913457393646,False
90,696380c657a0f8cfb910e926,3,TIKT1129,Electronic Commerce Systems,0.4049927592277527,False
90,696380c657a0f8cfb910e926,4,NNTM1163,Translation 3,0.3874187469482422,False
90,696380c657a0f8cfb910e926,5,TIKT1129,Electronic Commerce Systems,0.3840193450450897,False
90,696380c657a0f8cfb910e926,6,TIKT1135,Development of Open Source Software and Applications,0.373196542263031,False
90,696380c657a0f8cfb910e926,7,TOKT1149,Data Driven Marketing,0.3652907609939575,False
90,696380c657a0f8cfb910e926,8,DTKT1149,Chuyên đề Tin học quản lý đầu tư,0.3576210141181946,False
90,696380c657a0f8cfb910e926,9,CNTT1119,Website Design and Programming,0.3509126901626587,False
90,696380c657a0f8cfb910e926,10,TIKT1135,Development of Open Source Software and Applications,0.350686252117157,False
94,696380c657a0f8cfb910e927,1,CNTT1119,Website Design and Programming,0.49213945865631104,True
94,696380c657a0f8cfb910e927,2,CNTT1188,Web Programming,0.44637662172317505,True
94,696380c657a0f8cfb910e927,3,TIKT1129,Electronic Commerce Systems,0.43101704120635986,False
94,696380c657a0f8cfb910e927,4,TKKT1134,Data Analysis 2,0.42512941360473633,False
94,696380c657a0f8cfb910e927,5,TIKT1129,Electronic Commerce Systems,0.4244210720062256,False
94,696380c657a0f8cfb910e927,6,TIKT1134,Web Applications Development,0.4209412634372711,True
94,696380c657a0f8cfb910e927,7,CNTT1165,Web Design,0.41479918360710144,False
94,696380c657a0f8cfb910e927,8,NNTM1107,Translation 1,0.40624815225601196,False
94,696380c657a0f8cfb910e927,9,NNTM1163,Translation 3,0.35421931743621826,False
94,696380c657a0f8cfb910e927,10,TOKT1149,Data Driven Marketing,0.3512730002403259,False
95,69526734b27a39886f08acf3,1,TIHT1119,Computer-based Accounting,0.4996122419834137,False
95,69526734b27a39886f08acf3,2,NNTM1107,Translation 1,0.449629545211792,False
95,69526734b27a39886f08acf3,3,KTHT1105,Kiểm soát nội bộ,0.43947792053222656,False
95,69526734b27a39886f08acf3,4,TKKT1134,Data Analysis 2,0.4393635392189026,False
95,69526734b27a39886f08acf3,5,KTHT 1102,Accounting Information Systems 2,0.435702383518219,False
95,69526734b27a39886f08acf3,6,KTHT 1102,Accounting Information Systems 2,0.42592746019363403,False
95,69526734b27a39886f08acf3,7,KTKE1103,Public Accounting,0.4220885932445526,False
95,69526734b27a39886f08acf3,8,NNTM1163,Translation 3,0.4215077757835388,False
95,69526734b27a39886f08acf3,9,KTHT1101,Accounting Information Systems 1,0.409598171710968,False
95,69526734b27a39886f08acf3,10,KTKE1101,Nguyên lý kế toán,0.40631920099258423,False
98,697b1a84b166038a822e4d44,1,QTTH1116,Cost Management,0.5069097280502319,True
98,697b1a84b166038a822e4d44,2,KTQT1106,Managerial Accounting 2,0.4842354357242584,False
98,697b1a84b166038a822e4d44,3,TKKT1134,Data Analysis 2,0.4827476739883423,False
98,697b1a84b166038a822e4d44,4,KTQT1106,Managerial Accounting 2,0.4787234961986542,False
98,697b1a84b166038a822e4d44,5,NNTM1107,Translation 1,0.476555734872818,False
98,697b1a84b166038a822e4d44,6,KTQT1109,Cost Accounting,0.4732338488101959,False
98,697b1a84b166038a822e4d44,7,KTQT1103,Managerial Accounting 1,0.4711453914642334,False
98,697b1a84b166038a822e4d44,8,KTQT1109,Cost Accounting,0.4696390628814697,False
98,697b1a84b166038a822e4d44,9,DTKT1149,Chuyên đề Tin học quản lý đầu tư,0.4561079144477844,False
98,697b1a84b166038a822e4d44,10,KTQT1103,Managerial Accounting 1,0.44596320390701294,False
99,695cc0241fa95d1eeecca0c7,1,TKKT1134,Data Analysis 2,0.5496667623519897,False
99,695cc0241fa95d1eeecca0c7,2,NNTM1107,Translation 1,0.5259499549865723,False
99,695cc0241fa95d1eeecca0c7,3,NNTM1163,Translation 3,0.4806782901287079,False
99,695cc0241fa95d1eeecca0c7,4,TOkt1110,Mathematical Statistics,0.45208853483200073,False
99,695cc0241fa95d1eeecca0c7,5,TOKT1149,Data Driven Marketing,0.44418466091156006,False
99,695cc0241fa95d1eeecca0c7,6,DTKT1149,Chuyên đề Tin học quản lý đầu tư,0.4292464256286621,False
99,695cc0241fa95d1eeecca0c7,7,CNTT1153,Java Programming,0.4208340644836426,False
99,695cc0241fa95d1eeecca0c7,8,CNTT1187,Data Analysis Programming,0.4163688123226166,False
99,695cc0241fa95d1eeecca0c7,9,CNTT1118,Algorithm Analysis and Design,0.4156961441040039,False
99,695cc0241fa95d1eeecca0c7,10,CNTT11102,Vulnerability Assessment and Penetration Testing,0.40617597103118896,False
100,696fd8ceb166038a822e4791,1,NNTM1107,Translation 1,0.48412013053894043,False
100,696fd8ceb166038a822e4791,2,TKKT1134,Data Analysis 2,0.46223169565200806,False
100,696fd8ceb166038a822e4791,3,NNTM1163,Translation 3,0.43661636114120483,False
100,696fd8ceb166038a822e4791,4,CNTT1190,Service Oriented Software Development,0.401458203792572,False
100,696fd8ceb166038a822e4791,5,TOKT1149,Data Driven Marketing,0.39410772919654846,False
100,696fd8ceb166038a822e4791,6,DLKS1159,Operation of hospitality services 2,0.37440812587738037,False
100,696fd8ceb166038a822e4791,7,CNTT1154,Internet of Things,0.3724116384983063,False
100,696fd8ceb166038a822e4791,8,NNKC 1131,English 1,0.3720763623714447,False
100,696fd8ceb166038a822e4791,9,DTKT1149,Chuyên đề Tin học quản lý đầu tư,0.36914902925491333,False
100,696fd8ceb166038a822e4791,10,NNTV1107,Vietnamese in Use,0.36757251620292664,False
102,696380c657a0f8cfb910e928,1,TKKT1134,Data Analysis 2,0.4848223924636841,False
102,696380c657a0f8cfb910e928,2,NNTM1107,Translation 1,0.4731561839580536,False
102,696380c657a0f8cfb910e928,3,NNTM1163,Translation 3,0.41541045904159546,False
102,696380c657a0f8cfb910e928,4,DTKT1149,Chuyên đề Tin học quản lý đầu tư,0.40151095390319824,False
102,696380c657a0f8cfb910e928,5,TOKT1149,Data Driven Marketing,0.39238181710243225,False
102,696380c657a0f8cfb910e928,6,CNTT1157,Mobile Applications Development,0.3899703025817871,False
102,696380c657a0f8cfb910e928,7,CNTT11102,Vulnerability Assessment and Penetration Testing,0.3470425605773926,False
102,696380c657a0f8cfb910e928,8,CNTT1187,Data Analysis Programming,0.34646081924438477,False
102,696380c657a0f8cfb910e928,9,CNTT1119,Website Design and Programming,0.34520795941352844,True
102,696380c657a0f8cfb910e928,10,TIKT1129,Electronic Commerce Systems,0.3438205122947693,False
103,695cc1491fa95d1eeecca0c8,1,TKKT1134,Data Analysis 2,0.5164437294006348,False
103,695cc1491fa95d1eeecca0c8,2,TIKT1130,Database,0.4587179720401764,False
103,695cc1491fa95d1eeecca0c8,3,TIKT1130,Database,0.4551433324813843,False
103,695cc1491fa95d1eeecca0c8,4,TIKT1124,Database Application,0.44660526514053345,False
103,695cc1491fa95d1eeecca0c8,5,DTKT1149,Chuyên đề Tin học quản lý đầu tư,0.44027286767959595,False
103,695cc1491fa95d1eeecca0c8,6,CNTT1152,Database Management Systems,0.44000107049942017,False
103,695cc1491fa95d1eeecca0c8,7,CNTT1167,Cloud Computing,0.43834036588668823,True
103,695cc1491fa95d1eeecca0c8,8,NNTM1107,Translation 1,0.43555670976638794,False
103,695cc1491fa95d1eeecca0c8,9,CNTT1187,Data Analysis Programming,0.4350649416446686,False
103,695cc1491fa95d1eeecca0c8,10,TOKT1149,Data Driven Marketing,0.4318520426750183,False
106,696380c657a0f8cfb910e929,1,TKKT1134,Data Analysis 2,0.4931621253490448,False
106,696380c657a0f8cfb910e929,2,NNTM1107,Translation 1,0.4460661709308624,False
106,696380c657a0f8cfb910e929,3,CNTT1167,Cloud Computing,0.42555826902389526,True
106,696380c657a0f8cfb910e929,4,DTKT1149,Chuyên đề Tin học quản lý đầu tư,0.39502930641174316,False
106,696380c657a0f8cfb910e929,5,NNTM1163,Translation 3,0.3908904790878296,False
106,696380c657a0f8cfb910e929,6,TOKT1149,Data Driven Marketing,0.3576553165912628,False
106,696380c657a0f8cfb910e929,7,CNTT1186,Advanced Technologies in Information and Communication Technology,0.352861225605011,False
106,696380c657a0f8cfb910e929,8,CNTT1198,Cloud Service Security,0.3528570532798767,False
106,696380c657a0f8cfb910e929,9,TIHT1113,Development of Management Applications,0.3439992666244507,False
106,696380c657a0f8cfb910e929,10,TIKT1135,Development of Open Source Software and Applications,0.34269851446151733,False
108,69526bd3b27a39886f08ad22,1,TKKT1134,Data Analysis 2,0.5658704042434692,False
108,69526bd3b27a39886f08ad22,2,NNTM1107,Translation 1,0.5589654445648193,False
108,69526bd3b27a39886f08ad22,3,NNTM1163,Translation 3,0.5260263681411743,False
108,69526bd3b27a39886f08ad22,4,CNTT1140,Artificial Intelligence,0.48397010564804077,True
108,69526bd3b27a39886f08ad22,5,TIHT1123,Application of Artificial Intelligence in Business and Management,0.4810682535171509,False
108,69526bd3b27a39886f08ad22,6,TOKT1149,Data Driven Marketing,0.4768931567668915,False
108,69526bd3b27a39886f08ad22,7,DTKT1149,Chuyên đề Tin học quản lý đầu tư,0.45303064584732056,False
108,69526bd3b27a39886f08ad22,8,TOkt1110,Mathematical Statistics,0.4288434386253357,False
108,69526bd3b27a39886f08ad22,9,CNTT1178,Software Testing and Quality Assurance,0.41526928544044495,True
108,69526bd3b27a39886f08ad22,10,NNKC 1131,English 1,0.41075634956359863,False
121,695cc2751fa95d1eeecca0cb,1,CNTT1190,Service Oriented Software Development,0.4908195436000824,False
121,695cc2751fa95d1eeecca0cb,2,TIKT1130,Database,0.4741014540195465,True
121,695cc2751fa95d1eeecca0cb,3,CNTT1119,Website Design and Programming,0.4632382094860077,False
121,695cc2751fa95d1eeecca0cb,4,TIKT1130,Database,0.4586491286754608,True
121,695cc2751fa95d1eeecca0cb,5,CNTT1175,Unstructured database,0.45399758219718933,False
121,695cc2751fa95d1eeecca0cb,6,CNTT1152,Database Management Systems,0.4527750015258789,True
121,695cc2751fa95d1eeecca0cb,7,TIKT1124,Database Application,0.4392581582069397,True
121,695cc2751fa95d1eeecca0cb,8,CNTT1198,Cloud Service Security,0.43155255913734436,False
121,695cc2751fa95d1eeecca0cb,9,CNTT1188,Web Programming,0.42322129011154175,True
121,695cc2751fa95d1eeecca0cb,10,TKKT1134,Data Analysis 2,0.4084300100803375,False
125,695cc2761fa95d1eeecca0cc,1,CNTT11105,Cryptography and Information Security,0.5398159623146057,False
125,695cc2761fa95d1eeecca0cc,2,NNTM1107,Translation 1,0.5266770124435425,False
125,695cc2761fa95d1eeecca0cc,3,CNTT1168,An toàn và bảo mật thông tin,0.5197122693061829,True
125,695cc2761fa95d1eeecca0cc,4,CNTT1199,Software and Database Security,0.46229088306427,False
125,695cc2761fa95d1eeecca0cc,5,NNTM1163,Translation 3,0.45829257369041443,False
125,695cc2761fa95d1eeecca0cc,6,TKKT1134,Data Analysis 2,0.4309464395046234,False
125,695cc2761fa95d1eeecca0cc,7,CNTT11102,Vulnerability Assessment and Penetration Testing,0.4284984767436981,False
125,695cc2761fa95d1eeecca0cc,8,CNTT1198,Cloud Service Security,0.3933504521846771,False
125,695cc2761fa95d1eeecca0cc,9,TOCB1107,Discrete Mathematics,0.391528844833374,False
125,695cc2761fa95d1eeecca0cc,10,CNTT1197,Cybersecurity,0.3911648392677307,True
136,69651066b166038a822e42f3,1,NNTM1107,Translation 1,0.6564146280288696,False
136,69651066b166038a822e42f3,2,NNKC 1131,English 1,0.653507649898529,True
136,69651066b166038a822e42f3,3,NNTM1176,English – Listening and Speaking skills 1,0.6110864877700806,True
136,69651066b166038a822e42f3,4,NNKC 1132,English 2,0.5818432569503784,False
136,69651066b166038a822e42f3,5,NNTV1107,Vietnamese in Use,0.5769858360290527,False
136,69651066b166038a822e42f3,6,NNTM1163,Translation 3,0.5753180384635925,False
136,69651066b166038a822e42f3,7,NNKC1125,Second Foreign Language (French 1),0.5728228092193604,False
136,69651066b166038a822e42f3,8,NNTM1134,Applied English Grammar,0.5644410848617554,False
136,69651066b166038a822e42f3,9,NNTM1177,English – Listening and Speaking skills 2,0.5504076480865479,False
136,69651066b166038a822e42f3,10,NNKC,Second Foreign Language (French 3),0.5496704578399658,False
142,695283c0b27a39886f08ae47,1,TOKT1149,Data Driven Marketing,0.6517550945281982,False
142,695283c0b27a39886f08ae47,2,TKKT1134,Data Analysis 2,0.6154137849807739,False
142,695283c0b27a39886f08ae47,3,MKTT1112,Advertising Management,0.4938516616821289,False
142,695283c0b27a39886f08ae47,4,MKTT1158,Advertising media planning,0.4929702579975128,False
142,695283c0b27a39886f08ae47,5,TKKT1133,Data Analysis 1,0.4782686233520508,True
142,695283c0b27a39886f08ae47,6,NNTM1107,Translation 1,0.47657185792922974,False
142,695283c0b27a39886f08ae47,7,MKTT1110,Advertising agency management,0.47062963247299194,False
142,695283c0b27a39886f08ae47,8,CNTT1187,Data Analysis Programming,0.4698962867259979,False
142,695283c0b27a39886f08ae47,9,MKBH1116,Digital Marketing,0.466394305229187,False
142,695283c0b27a39886f08ae47,10,MKTT1102,Integrated Marketing Communications,0.4434524178504944,False
149,6970992ab166038a822e47cc,1,TKKT1134,Data Analysis 2,0.5234657526016235,False
149,6970992ab166038a822e47cc,2,NNTM1107,Translation 1,0.49198564887046814,False
149,6970992ab166038a822e47cc,3,NNTM1163,Translation 3,0.4680754542350769,False
149,6970992ab166038a822e47cc,4,TNBD1136,Architecture,0.4638049006462097,False
149,6970992ab166038a822e47cc,5,CNTT1119,Website Design and Programming,0.46261295676231384,False
149,6970992ab166038a822e47cc,6,CNTT1165,Web Design,0.4579327702522278,True
149,6970992ab166038a822e47cc,7,CNTT1118,Algorithm Analysis and Design,0.4393433928489685,False
149,6970992ab166038a822e47cc,8,CNTT1117,System Analysis and Design,0.43845006823539734,False
149,6970992ab166038a822e47cc,9,TOKT1149,Data Driven Marketing,0.43537062406539917,False
149,6970992ab166038a822e47cc,10,NNKC 1131,English 1,0.42928528785705566,False
152,6952858db27a39886f08ae5f,1,NHTM 1111,Commercial Banking 2,0.7018935680389404,True
152,6952858db27a39886f08ae5f,2,NHHLT1106,Ngân hàng Trung ương,0.5839762687683105,False
152,6952858db27a39886f08ae5f,3,NHTM 1121,Commercial Banking,0.5839219093322754,True
152,6952858db27a39886f08ae5f,4,NHTM 1102,Commercial Banking 1,0.5744922161102295,False
152,6952858db27a39886f08ae5f,5,LUKD1187,Banking Law,0.5656004548072815,True
152,6952858db27a39886f08ae5f,6,LUKD1196,Law on Commerce,0.5564377307891846,False
152,6952858db27a39886f08ae5f,7,LUKD1110,Law on Commerce 1,0.5426819324493408,False
152,6952858db27a39886f08ae5f,8,LUKD1185,Economic Law,0.5253738164901733,False
152,6952858db27a39886f08ae5f,9,LUKD1188,Law on Finance,0.5176891684532166,False
152,6952858db27a39886f08ae5f,10,LUKD1111,Law on Commerce 2,0.5094962120056152,False
153,695cc30b1fa95d1eeecca0ce,1,NNTM1107,Translation 1,0.6032047271728516,False
153,695cc30b1fa95d1eeecca0ce,2,NNTM1163,Translation 3,0.5543966889381409,False
153,695cc30b1fa95d1eeecca0ce,3,NNKC 1131,English 1,0.5412752628326416,True
153,695cc30b1fa95d1eeecca0ce,4,NNTM1176,English – Listening and Speaking skills 1,0.5266956090927124,True
153,695cc30b1fa95d1eeecca0ce,5,NNTM1110,Interpretation 1,0.49418941140174866,False
153,695cc30b1fa95d1eeecca0ce,6,NNTV1107,Vietnamese in Use,0.48335975408554077,False
153,695cc30b1fa95d1eeecca0ce,7,NNTM1108,Translation 2,0.4750973582267761,False
153,695cc30b1fa95d1eeecca0ce,8,NNKC1125,Second Foreign Language (French 1),0.47078177332878113,False
153,695cc30b1fa95d1eeecca0ce,9,NNKC 1132,English 2,0.46810853481292725,False
153,695cc30b1fa95d1eeecca0ce,10,TKKT1134,Data Analysis 2,0.4641360640525818,False
155,6965c64eb166038a822e4305,1,TMKQ1115,English for International Economics and Business,0.5760299563407898,False
155,6965c64eb166038a822e4305,2,NNKC 1131,English 1,0.5660085678100586,True
155,6965c64eb166038a822e4305,3,NNTM1176,English – Listening and Speaking skills 1,0.562233567237854,True
155,6965c64eb166038a822e4305,4,NNTM1107,Translation 1,0.5284510254859924,False
155,6965c64eb166038a822e4305,5,NNTM1134,Applied English Grammar,0.5234512090682983,False
155,6965c64eb166038a822e4305,6,NNTM1151,Integrated skills - English for economics and business 1,0.5186603665351868,False
155,6965c64eb166038a822e4305,7,CNTT1192,English for IT,0.512302815914154,False
155,6965c64eb166038a822e4305,8,NNTM1177,English – Listening and Speaking skills 2,0.5092591047286987,False
155,6965c64eb166038a822e4305,9,NNTM1170,Cultures of English speaking countries,0.49417778849601746,False
155,6965c64eb166038a822e4305,10,NNTM1163,Translation 3,0.4935741722583771,False
156,697b1d2eb166038a822e4d50,1,TKKT1134,Data Analysis 2,0.601112961769104,False
156,697b1d2eb166038a822e4d50,2,NHTC1108,Financial Analysis,0.5992512702941895,True
156,697b1d2eb166038a822e4d50,3,NHTC1103,Quản trị Tài chính trong du lịch và khách sạn,0.5609955191612244,False
156,697b1d2eb166038a822e4d50,4,TOKT1149,Data Driven Marketing,0.5597265958786011,False
156,697b1d2eb166038a822e4d50,5,NHTC1112,Financial appraisal of investment projects,0.5572974681854248,False
156,697b1d2eb166038a822e4d50,6,NHTC1120,Corporate Finance,0.5502015352249146,False
156,697b1d2eb166038a822e4d50,7,DTKT1149,Chuyên đề Tin học quản lý đầu tư,0.5481085777282715,False
156,697b1d2eb166038a822e4d50,8,NHLT1101,Monetary and Financial Theories 1,0.5469762682914734,False
156,697b1d2eb166038a822e4d50,9,TOTC1108,The models for analyzing and evaluating the financial assets 1,0.5245431661605835,False
156,697b1d2eb166038a822e4d50,10,NHCK1106,Securities Analysis and Investment,0.516177237033844,False
168,695cc6a61fa95d1eeecca0de,1,NNTM1107,Translation 1,0.4689062237739563,False
168,695cc6a61fa95d1eeecca0de,2,TKKT1134,Data Analysis 2,0.39812174439430237,False
168,695cc6a61fa95d1eeecca0de,3,NNTM1163,Translation 3,0.395271897315979,False
168,695cc6a61fa95d1eeecca0de,4,CNTT1119,Website Design and Programming,0.34216880798339844,False
168,695cc6a61fa95d1eeecca0de,5,DTKT1149,Chuyên đề Tin học quản lý đầu tư,0.32844725251197815,False
168,695cc6a61fa95d1eeecca0de,6,CNTT1188,Web Programming,0.32065972685813904,False
168,695cc6a61fa95d1eeecca0de,7,CNTT1165,Web Design,0.3186296820640564,True
168,695cc6a61fa95d1eeecca0de,8,TIKT1129,Electronic Commerce Systems,0.3129129409790039,False
168,695cc6a61fa95d1eeecca0de,9,CNTT1153,Java Programming,0.3075385093688965,False
168,695cc6a61fa95d1eeecca0de,10,TIKT1129,Electronic Commerce Systems,0.30656516551971436,False
170,6965cf77b166038a822e4324,1,TNBD1135,Real Estate Business 2,0.5786749124526978,False
170,6965cf77b166038a822e4324,2,NNTM1107,Translation 1,0.5756078362464905,False
170,6965cf77b166038a822e4324,3,TKKT1134,Data Analysis 2,0.5682629346847534,False
170,6965cf77b166038a822e4324,4,MTDT1123,Urban Housing Economics and Management,0.5492676496505737,False
170,6965cf77b166038a822e4324,5,NNTM1163,Translation 3,0.533089280128479,False
170,6965cf77b166038a822e4324,6,TNBD1133,English for Real Estate,0.528208315372467,False
170,6965cf77b166038a822e4324,7,LUCS1139,Roman Law,0.5200319886207581,False
170,6965cf77b166038a822e4324,8,TNBD1115,Real Estate Brokerage,0.5189224481582642,True
170,6965cf77b166038a822e4324,9,LUKD1193,Legal Consulting Skills,0.51880943775177,True
170,6965cf77b166038a822e4324,10,DTKT1149,Chuyên đề Tin học quản lý đầu tư,0.5143119096755981,False
171,69709a36b166038a822e47dd,1,NHTM 1111,Commercial Banking 2,0.5995676517486572,False
171,69709a36b166038a822e47dd,2,NHTM 1114,Risk Management,0.5378884077072144,False
171,69709a36b166038a822e47dd,3,TOTC1121,Quantitative risk management 2,0.5252976417541504,True
171,69709a36b166038a822e47dd,4,NHTM 1121,Commercial Banking,0.5213949084281921,False
171,69709a36b166038a822e47dd,5,NHTM 1102,Commercial Banking 1,0.519544243812561,False
171,69709a36b166038a822e47dd,6,TKKT1134,Data Analysis 2,0.5163522958755493,False
171,69709a36b166038a822e47dd,7,NHHLT1106,Ngân hàng Trung ương,0.5067402124404907,False
171,69709a36b166038a822e47dd,8,NNTM1107,Translation 1,0.504228949546814,False
171,69709a36b166038a822e47dd,9,NHTM1129,Risk Management,0.4990871548652649,False
171,69709a36b166038a822e47dd,10,NNTM 1150,English for Banking and Finance – in English,0.49818599224090576,False
177,69709c09b166038a822e47e2,1,NNTM1107,Translation 1,0.5410593152046204,False
177,69709c09b166038a822e47e2,2,MKTT1145,Sales Promotion,0.5120831727981567,True
177,69709c09b166038a822e47e2,3,NNTM1163,Translation 3,0.5083186626434326,False
177,69709c09b166038a822e47e2,4,DTKT1164,Contract Management,0.5044562816619873,True
177,69709c09b166038a822e47e2,5,TOKT1149,Data Driven Marketing,0.4992551803588867,False
177,69709c09b166038a822e47e2,6,TKKT1134,Data Analysis 2,0.4885576367378235,False
177,69709c09b166038a822e47e2,7,TNBD1135,Real Estate Business 2,0.48738276958465576,False
177,69709c09b166038a822e47e2,8,LUKD1111,Law on Commerce 2,0.4696660339832306,False
177,69709c09b166038a822e47e2,9,LUKD1164,International Trade Law,0.4660605192184448,False
177,69709c09b166038a822e47e2,10,TMQT1149,English for International Trade,0.4652611017227173,False
180,695cc6a61fa95d1eeecca0e0,1,CNTT1175,Unstructured database,0.4844570755958557,True
180,695cc6a61fa95d1eeecca0e0,2,TKKT1134,Data Analysis 2,0.46504276990890503,False
180,695cc6a61fa95d1eeecca0e0,3,NNTM1107,Translation 1,0.3904300332069397,False
180,695cc6a61fa95d1eeecca0e0,4,TIKT1130,Database,0.3668103814125061,False
180,695cc6a61fa95d1eeecca0e0,5,TOKT1149,Data Driven Marketing,0.3621826171875,False
180,695cc6a61fa95d1eeecca0e0,6,TIKT1130,Database,0.3530447483062744,False
180,695cc6a61fa95d1eeecca0e0,7,NNTM1163,Translation 3,0.35002732276916504,False
180,695cc6a61fa95d1eeecca0e0,8,TIKT1124,Database Application,0.3497174382209778,False
180,695cc6a61fa95d1eeecca0e0,9,CNTT1181,Knowledge Discovery in Database,0.34512820839881897,False
180,695cc6a61fa95d1eeecca0e0,10,DTKT1149,Chuyên đề Tin học quản lý đầu tư,0.3343619108200073,False
181,69709c4eb166038a822e47e6,1,QTKD1153,Logistics and Supply Chain Management,0.5037378072738647,False
181,69709c4eb166038a822e47e6,2,NNTM1107,Translation 1,0.49002325534820557,False
181,69709c4eb166038a822e47e6,3,TMKT1125,Principles of Logistics Management,0.48545750975608826,False
181,69709c4eb166038a822e47e6,4,TMKT1151,Logistics Planning and Control Systems,0.4702985882759094,False
181,69709c4eb166038a822e47e6,5,TKKT1134,Data Analysis 2,0.45996230840682983,False
181,69709c4eb166038a822e47e6,6,NNTM1163,Translation 3,0.45487016439437866,False
181,69709c4eb166038a822e47e6,7,QTKD1133,Supply Chain Management,0.45141902565956116,False
181,69709c4eb166038a822e47e6,8,TMKT1145,Business Logistics,0.42664164304733276,True
181,69709c4eb166038a822e47e6,9,TMKT1136,E-Logistics,0.42091190814971924,True
181,69709c4eb166038a822e47e6,10,DLLH1129,Transportation service management in tourism,0.4156472682952881,False
188,6952ad90b27a39886f08b059,1,KTKE1101,Nguyên lý kế toán,0.5698316097259521,False
188,6952ad90b27a39886f08b059,2,KTKE1103,Public Accounting,0.5642811059951782,False
188,6952ad90b27a39886f08b059,3,NHTC1108,Financial Analysis,0.5402034521102905,False
188,6952ad90b27a39886f08b059,4,MKDG1114,Corporate Valuation,0.5375946760177612,False
188,6952ad90b27a39886f08b059,5,NHTC1103,Quản trị Tài chính trong du lịch và khách sạn,0.5198512077331543,False
188,6952ad90b27a39886f08b059,6,NHTC1104,Corporate Finance 1,0.5176912546157837,False
188,6952ad90b27a39886f08b059,7,KTKE1109,Public Accounting 1,0.5172558426856995,False
188,6952ad90b27a39886f08b059,8,KTKE1110,Public Accounting 2,0.5135083794593811,False
188,6952ad90b27a39886f08b059,9,NHTC1120,Corporate Finance,0.5122538208961487,False
188,6952ad90b27a39886f08b059,10,KTHT 1102,Accounting Information Systems 2,0.5082386136054993,False
195,697b1e91b166038a822e4d59,1,NNTM1107,Translation 1,0.5229398012161255,False
195,697b1e91b166038a822e4d59,2,NHQT1118,Payment and Credit in International Trade,0.5044658184051514,True
195,697b1e91b166038a822e4d59,3,NHQT1112,International Payments,0.4954858422279358,False
195,697b1e91b166038a822e4d59,4,TMQT1154,Payment for E-commerce,0.41017061471939087,False
195,697b1e91b166038a822e4d59,5,NHHLT1106,Ngân hàng Trung ương,0.40598493814468384,False
195,697b1e91b166038a822e4d59,6,NNTM1163,Translation 3,0.402296781539917,False
195,697b1e91b166038a822e4d59,7,TMQT1149,English for International Trade,0.3947570323944092,False
195,697b1e91b166038a822e4d59,8,TKKT1134,Data Analysis 2,0.3822053074836731,False
195,697b1e91b166038a822e4d59,9,NNTM1108,Translation 2,0.3819480240345001,False
195,697b1e91b166038a822e4d59,10,NHTM 1102,Commercial Banking 1,0.37197038531303406,False
197,6966a59eb166038a822e43ce,1,TOKT1149,Data Driven Marketing,0.6577959656715393,False
197,6966a59eb166038a822e43ce,2,TKKT1134,Data Analysis 2,0.5423091650009155,False
197,6966a59eb166038a822e43ce,3,MKBH1116,Digital Marketing,0.5060293674468994,True
197,6966a59eb166038a822e43ce,4,MKTT1158,Advertising media planning,0.48885005712509155,False
197,6966a59eb166038a822e43ce,5,NNTM1107,Translation 1,0.4860522150993347,False
197,6966a59eb166038a822e43ce,6,MKMA1158,Agricultural Marketing,0.47977274656295776,False
197,6966a59eb166038a822e43ce,7,TIKT1132,Online Marketing,0.4786304533481598,True
197,6966a59eb166038a822e43ce,8,MKMA1105,Principles of Marketing,0.4733749032020569,False
197,6966a59eb166038a822e43ce,9,MKMA1104,Principles of Marketing,0.4688389003276825,False
197,6966a59eb166038a822e43ce,10,MKMA1112,English for Marketing,0.465266615152359,False
198,6970a53db166038a822e47f9,1,TNBD1133,English for Real Estate,0.6108952760696411,True
198,6970a53db166038a822e47f9,2,LUCS1141,English for Law,0.5714086294174194,False
198,6970a53db166038a822e47f9,3,LUKD1133,Skills on Formulation and Execution of Commercial Contracts,0.5708509087562561,False
198,6970a53db166038a822e47f9,4,LUCS1139,Roman Law,0.5369212627410889,False
198,6970a53db166038a822e47f9,5,TNBD1135,Real Estate Business 2,0.536428689956665,False
198,6970a53db166038a822e47f9,6,LUKD1111,Law on Commerce 2,0.5363429188728333,False
198,6970a53db166038a822e47f9,7,LUKD1164,International Trade Law,0.5290063619613647,False
198,6970a53db166038a822e47f9,8,LUKD1108,Labor Law,0.5287357568740845,True
198,6970a53db166038a822e47f9,9,TNBD1115,Real Estate Brokerage,0.5245368480682373,False
198,6970a53db166038a822e47f9,10,TMKQ1115,English for International Economics and Business,0.5223519802093506,False
201,697b1f1eb166038a822e4d5a,1,TKKT1134,Data Analysis 2,0.5584096908569336,False
201,697b1f1eb166038a822e4d5a,2,NNTM1107,Translation 1,0.48595014214515686,False
201,697b1f1eb166038a822e4d5a,3,TIHT1119,Computer-based Accounting,0.4793834090232849,False
201,697b1f1eb166038a822e4d5a,4,DTKT1149,Chuyên đề Tin học quản lý đầu tư,0.4634450674057007,False
201,697b1f1eb166038a822e4d5a,5,NNTM1163,Translation 3,0.4480849504470825,False
201,697b1f1eb166038a822e4d5a,6,TOKT1149,Data Driven Marketing,0.438790500164032,False
201,697b1f1eb166038a822e4d5a,7,CNTT1167,Cloud Computing,0.4359867572784424,True
201,697b1f1eb166038a822e4d5a,8,CNTT1186,Advanced Technologies in Information and Communication Technology,0.4231951832771301,False
201,697b1f1eb166038a822e4d5a,9,TIKT1117,Accounting Informatics,0.42053085565567017,False
201,697b1f1eb166038a822e4d5a,10,CNTT1187,Data Analysis Programming,0.41795632243156433,False
208,695cc87c1fa95d1eeecca0e3,1,TKKT1134,Data Analysis 2,0.5267462730407715,False
208,695cc87c1fa95d1eeecca0e3,2,CNTT1167,Cloud Computing,0.4558122456073761,True
208,695cc87c1fa95d1eeecca0e3,3,NNTM1107,Translation 1,0.4334492087364197,False
208,695cc87c1fa95d1eeecca0e3,4,CNTT1198,Cloud Service Security,0.3778309226036072,False
208,695cc87c1fa95d1eeecca0e3,5,TOKT1149,Data Driven Marketing,0.35727691650390625,False
208,695cc87c1fa95d1eeecca0e3,6,DTKT1149,Chuyên đề Tin học quản lý đầu tư,0.3536776900291443,False
208,695cc87c1fa95d1eeecca0e3,7,NNTM1163,Translation 3,0.3499555289745331,False
208,695cc87c1fa95d1eeecca0e3,8,CNTT1186,Advanced Technologies in Information and Communication Technology,0.34024232625961304,True
208,695cc87c1fa95d1eeecca0e3,9,TIKT1135,Development of Open Source Software and Applications,0.3292137384414673,False
208,695cc87c1fa95d1eeecca0e3,10,DLKS1110,MICE MANAGEMENT,0.3071979582309723,False
219,6966aa84b166038a822e43f3,1,TKKT1134,Data Analysis 2,0.5234177708625793,False
219,6966aa84b166038a822e43f3,2,NNTM1107,Translation 1,0.5218794941902161,False
219,6966aa84b166038a822e43f3,3,TOKT1149,Data Driven Marketing,0.5060763359069824,False
219,6966aa84b166038a822e43f3,4,NNTM1163,Translation 3,0.46921104192733765,False
219,6966aa84b166038a822e43f3,5,MKTT1110,Advertising agency management,0.42881056666374207,False
219,6966aa84b166038a822e43f3,6,MKTT1112,Advertising Management,0.4190886914730072,False
219,6966aa84b166038a822e43f3,7,TIHT1123,Application of Artificial Intelligence in Business and Management,0.39557090401649475,True
219,6966aa84b166038a822e43f3,8,CNTT1140,Artificial Intelligence,0.39460188150405884,True
219,6966aa84b166038a822e43f3,9,MKTT1102,Integrated Marketing Communications,0.37360110878944397,False
219,6966aa84b166038a822e43f3,10,MKTT1158,Advertising media planning,0.37169766426086426,False
