label,count
Design Thinking,4
Explaining front-end and back-end programming,3
Sales Management,3
Model Building for AI Applications,3
Deploying and managing web applications,3
Python Programming,2
Google Colab,2
Advertising Campaign Management,2
Strategic Recruitment Analysis,2
Customer Management in Insurance,2
Using Human Resource Information System,2
Human Resource Management in Insurance,2
SQL Database Management,2
Web Services Technologies,1
Data Readers and DataSets,1
Managing large datasets,1
Database Concepts,1
Proficient Computer Skills in Data Mining,1
Data Preprocessing,1
Designing applications with MongoDB,1
