gap,label,count
.Net,Model Building for AI Applications,1
A/B Testing,Design Thinking,1
AI,Mobile Application Development,1
AI,Online and Offline Marketing Tools,1
AI Copilot Studio,Design Thinking,1
AWS,Deploying and managing web applications,1
AWS,Human Resource Management in Insurance,1
AWS,Recruitment Concept Understanding,1
AWS,Web Services Technologies,1
AWS Glue,Data Readers and DataSets,1
Access,Sales Management,1
Azure,Microsoft SQL Server,1
Azure,SQL Database Management,1
BigQuery,Database Concepts,1
CAN,IoT Communication Protocols,1
CISSP,Strategic Recruitment Analysis,1
Change management,Database Design and Management,1
Data Analysis for Facebook Ad Campaigns,Advertising Campaign Management,1
Data analysis,Analyzing sales situations,1
Design Tokens,Design Thinking,1
